sample_id,gloss,text
00_0001,سوال هو,من هو
00_0002,هو معلم لغه اشاره,هو مدرس لغه اشاره
00_0003,استفهام هو معلم هو,هل انت مدرس
00_0004,هو معلم لا انا مدرسه,انت لست مدرس انا طالب
00_0005,هو سوال,هو من
00_0006,هو صديق مدرسه,هو زميلي في المدرسه
00_0007,استفهام هو صديق مدرسه,هل هو زميلك في المدرسه
00_0008,انا اسره رقم ثلاث اشخاص,اسرتي تتكون من ثلاث اشخاص
00_0009,رقم عمر ابن بنت,كم عمر ابنتك
00_0010,عمر اربع سن عمر,عمرها اربع سنوات
00_0011,عمر سن خمسون سن,عمره خمسين سنه
00_0012,سوال بنت ابن,اين ابنته
00_0013,عمر ابن خمسون سن,عمر ابنه خمسين سنه
00_0014,معرفه هو لغه اشاره,هو يعرف لغه الاشاره
00_0015,معرفه لغه اشاره,اعرف لغه الاشاره
00_0016,هو معرفه ام لغه اشاره,هل تعرف والدتك لغه الاشاره
00_0017,لا معرفه لغه اشاره,لا تعلم لغه الاشاره
00_0018,ممكن هو قدره كتابه اسم هو,ممكن تكتب اسمك
00_0019,انا كتابه,انا اكتب
00_0020,استفهام تاريخ الان سوال,ما هو تاريخ اليوم
00_0021,الان واحد شهر عشر,اليوم هو واحد اكتوبر
00_0022,انا ذهاب مدرسه سبب كره_قدم,انا اذهب الى المدرسه لالعب كره القدم
00_0023,انا قلب قدره,انوي القيام به
00_0024,هو رغبه شرب سوال,ماذا تريد ان تشرب
00_0025,انا رغبه شرب شاي,انا اريد ان اشرب الشاي
00_0026,هو رغبه اكل سوال,ماذا تريد ان تاكل
00_0027,انا رغبه اكل رز,اريد ان اكل رز
00_0028,انا رغبه ذهاب مكتبه بعد صيف,اريد ان اذهب الى المكتبه بعد الظهر
00_0029,هو رغبه بعد صيف سوال,ماذا تريد ان تفعل بعد الظهر
00_0030,انا رغبه ذهاب لوحه بقاله,اريد ان اذهب الى السوبرماركت بعد الظهر
00_0031,سبب رغبه شراء,ماذا تريد ان تشتري
00_0032,انا رغبه كوب شراء,اريد شراء كوب
00_0033,انا رغبه معرفه لغه اشاره,اريد ان اتعلم لغه الاشاره
00_0034,انا رغبه ذهاب مدرسه سبب قراءه غدا,اريد ان اذهب الى المدرسه لقراءه الكتب غدا
00_0035,رقم معلم مدرسه هو,كم عدد المدرسين في مدرستك
00_0036,رقم اشخاص مدرسه هو مدرسه,كم عدد الاشخاص في مدرستك
00_0037,سوال قط,اين القطه
00_0038,قط صغير تحت طاوله,القط الصغير تحت الطاوله
00_0039,اب هو منزل يوجد,والدك في المنزل
00_0040,لا منزل لا_يوجد,ليس في المنزل
00_0041,سوال اب,اين والدك
00_0042,اب مستشفى يوجد,والدي في المستشفى
00_0043,سوال عمل,اين يعمل
00_0044,صديق انا مدرسه,صديقي في المدرسه
00_0045,انا ام منزل,امي في المنزل
00_0046,سوال كوب شرب,اين الكوب
00_0047,سوال صديق هو,اين اصدقائك
00_0048,قراءه سوال مكان مدرسه,القراءه في المدرسه
00_0049,طاوله هو سوال,ماذا يوجد على الطاوله
00_0050,طاوله كتاب لاب_توب يوجد,هناك كتب و كمبيوترعلى الطاوله
00_0051,هو اسم هو,ما اسمه
00_0052,اسم هو ولد خلف,ما اسم ذلك الرجل في الخلف
00_0053,استئذان انا كرسي الان,ممكن اجلس على الكرسي
00_0054,استئذان دعوه كرسي,من فضلك اجلس
00_0055,سوال كرسي يوجد سوال,ماذا يوجد على الكرسي
00_0056,كرسي قط صغير فوق_كرسي,هناك قط صغير على الكرسي
00_0057,يوجد مدرسه يوجد بيع,يوجد متجر في المدرسه
00_0058,رقم وقت الان,كم الوقت الان
00_0059,وقت سوال عشر,الساعه العاشره
00_0060,وقت هو صيف اكل وقت سوال,متى تاكل في الظهر
00_0061,تاريخ وقت اب انا منزل اخر تاريخ,متى سيعود ابي الى المنزل
00_0062,وقت خمس ليل,الوقت الخامسه مساء
00_0063,هو تاريخ ذهاب سينما فيلم تاريخ,متى نذهب الى السينما
00_0064,هو الان مطر,يوجد مطر الان
00_0065,لا مطر الان لا,لا يوجد مطر الان
00_0066,لا برد الان,لا يوجد برد الان
00_0067,سوال صحه هو,كيف حالك
00_0068,شكر د,شكرا دكتور
00_0069,هو مطر غدا,هل ستمطر غدا
00_0070,لا غدا مطر لا,لن تمطر غدا
00_0071,هو عمل سوال,ماذا تعمل
00_0072,انا شعر قراءه,انا اقرا
00_0073,انا شراء تفاحه موزه انواع,انا اشتريت فواكه
00_0074,انا سعيد مقابله,انا سعيد بلقائك
00_0075,هو رغبه رياضه سوال قلب رغبه سوال,ما هي الرياضه التي تحبها
00_0076,انا حب كره_قدم كثير حب,احب لعب كره القدم كثيرا
00_0077,سوال هو شراء تفاحه,هل اشتريت التفاح
00_0078,انا شراء تفاحه لا_يوجد,انا لم اشتري التفاح
00_0079,هو لبس جيد حلو,لبسه جميل
00_0080,جو برد قليل,الجو بارد قليلا
00_0081,انا الان ماضي تعب,كنت متعب قليلا امس
00_0082,هو مشاهده هاتف مشاهده,هل رايت هاتفي
00_0083,هو صديق انا,هو صديقي
00_0084,سوال عمر اخ هو,كم هو عمر اخيك
00_0085,انا استيقاظ وقت خمس صباح كل_يوم,استيقظ في الخامسه كل صباح
00_0086,نهايه كتابه منزل نهايه,انتهيت من واجباتي
00_0087,انا خلط اكل خلط كل_يوم ليل,اطبخ كل ليله
00_0088,انا خوف,انا خائف
00_0089,سبب خوف,لماذا انت خائف
00_0090,دعوه مع دعوه اكل ليل دعوه الان ليل,لنتناول العشاء معا الليله
00_0091,سوال كرسي حمام,اين الحمام
00_0092,انا رغبه شرب بقره,اريد ان اشرب الحليب
00_0093,اعاده عوده مدرسه حافله,نعود الى المدرسه بالحافله
00_0094,هو اكل صباح اكل هو,هل اكلت الفطور
00_0095,انا اب خلط اكل نارغرفه,ابي يعد العشاء في المطبخ
00_0096,مكتبه مدرسه جميل,مكتبه المدرسه جميله
00_0097,لا حب اكل موز,لا احل اكل الموز
00_0098,كتاب جواز تذكره طياره حقيبه_يد يوجد,جواز سفري و تذكره الطياره في الحقيبه
00_0099,انا اب حادث,تعرض ابي لحادث
00_0100,انا اكل ليل وقت تسع,انا اكل العشاء الساعه التاسعه
00_0101,انا زوج عمل كثير,زوجي يعمل كثيرا
00_0102,زوج عمل سوال اكل لوحه,زوجي يعمل في المطعم
00_0103,هو طفل رغبه لعب انواع كثير,يريد الطفل العاب متنوعه
00_0104,رغبه حذاء خوف,اريد حذاء جديد
00_0105,انا رغبه تلفاز حاسب خوف,اريد كمبيوتر جديد
00_0106,هو رغبه دراجه,اريد دراجه
00_0107,زهره مطر رغبه,الزهور تحتاج المطر
00_0108,استفهام هو جوع اكل هو,هل انت جائع
00_0109,هو يوجد سلطه اتقان,هل لديك سلطه طازجه
00_0110,استفهام هو تفاحه اتقان,هل لديك تفاح طازج
00_0111,اخ جوع,اخي جائع
00_0112,هو ام جوع,والدتك جائعه
00_0113,الان تفاحه موزه يوجد لوحه,يوجد اليوم تفاح و موز في السوبرماركت
00_0114,هو مساعده,هل تساعدني
00_0115,شرطه استفهام منزل ام سوال,يسالني الشرطي عن مكان والدتي
00_0116,تاريخ زوج هو ذهاب سينما,متى سيذهب زوجك للسينما
00_0117,معلم ذهاب مركز صم يوم الاربعاء,يذهب المعلم الى مركز الصم يوم الاربعاء
00_0118,شخص صم ذهاب مركز صم,يذهب الاصم الى مركز الصم
00_0119,انا بيتزا سوال لوحه اكل,انا اكل البيتزا في المطعم
00_0120,هو رغبه حب اكل شوكولاته بسكوت حب هو,تحب ان تاكل البسكوت و الشوكولاته
00_0121,انا سياره ركوب ذهاب لوحه بقاله شوكولاته,انا اقود الى السوبرماركت
00_0122,بنت دراجه,البنت تركب دراجه
00_0123,انا صديق دراجه ماضي,ركب صديقي دراجه امس
00_0124,شرطه دراجه_ناريه,يركب الشرطي دراجه ناريه
00_0125,ولد صم هو سياره قدره,الرجل الاصم يقود سياره
00_0126,مدرسه شخص سياره ذهاب وصل مركز سياره,ياتي الطالب الى المعهد بالسياره
00_0127,استفهام الحذاء مشاهده سوال,هل رايت الحذاء
00_0128,هو قدره مشاهده نظاره,هل رايت النظارات
00_0129,لاب_توب حاسب مشاهده لاب_توب,هل رايت الكمبيوتر
00_0130,انا ذهاب سينما الان ليل,انا ذاهب الى السينما الليله
00_0131,اخ ذهاب اكل لوحه,ذهب اخي الى المطعم
00_0132,انا ذهاب لوحه شوكولاته بقاله انواع شراء,انا ذاهب الى السوبرماركت
00_0133,زوج ذهاب لوحه بقاله,يذهب الزوج الى السوبرماركت
00_0134,دعوه نداء اكل رغبه تعداد,اطلب من النادل
00_0135,الان برد ليل برد,الجو بارد الليله
00_0136,الان برد ماضي مركز صم,شعرت بالبرد في مركز الصم امس
00_0137,انا شعور برد حافله داخل ليل الان,انا اشعر بالبرد في الحافله الليله
00_0138,شراء شاي شرب رغبه هو,هل تريد شراء الشاي
00_0139,انا شراء شوكولاته,انا اشتري الشوكولاته
00_0140,ولد شخص شراء ماء,الولد يشتري الماء
00_0141,انا غدا حاسب شراء,سوف اشتري كمبيوتر غدا
00_0142,الان خس ال خ س لوحه بقاله,اليوم نشتري الخس من السوبرماركت
00_0143,انا الان خلط اكل,انا اطبخ الان
00_0144,الان خلط لا,لا اطبخ الان
00_0145,وقت سوال حافله دخول,متى تاتي الحافله
00_0146,وقت رئيس ذهاب وقت سوال,متى ياتي الرئيس
00_0147,رقم بسكوت مال تفاحه مال رقم,كم سعر البسكوت والتفاح
00_0148,زوج هو معرفه لغه اشاره,زوجك يتعلم لغه الاشاره
00_0149,هو صديق هو معرفه لغه اشاره,صديقك يتعلم لغه الاشاره
00_0150,بنت هو قراءه,المراه تقرا
00_0151,ولد قراءه,الولد يقرا
00_0152,صديق كتاب قراءه,صديقي يقرا كتاب
00_0153,ام قراءه كل_يوم السبت,الام تقرا كتاب يوم السبت
00_0154,اخ حب كتاب خوف هو,يحب اخوك قراءه كتاب جديد
00_0155,انا حب شاي,نحن نحب الشاي
00_0156,انا حب بقره اتقان,انا احب الحليب الطازج
00_0157,طفل حب ثلج هو,الطفل يحب الثلج
00_0158,انا حب شوكولاته بقره,انا احب الشوكولاته و الحليب
00_0159,هو حب شوكولاته بسكوت,تحب الشوكولاته او البسكوت
00_0160,سلطه اتقان ممتاز,السلطه الطازجه طعمها جيد
00_0161,موزه تفاحه اتقان ممتاز جيد,طعم الموز والتفاح الطازج جيد
00_0162,انا صديق كتابه,صديقي يكتب
00_0163,ممكن صديق قدره كتابه,يمكن لصديقي ان يكتب
00_0164,لعب هو ممتاز,اللعبه جميله
00_0165,انا بحث تفاحه احمر,انا ابحث عن تفاح احمر
00_0166,هو رغبه قهوه شاي رغبه سوال,هل تريد قهوه او شاي
00_0167,هو بحث قهوه شاي,هل تريد شاي ام قهوه
00_0168,انا بحث تفاحه احمر شوكولاته,انا ابحث عن تفاح احمر و شوكولاته
00_0169,رئيس اتصال,الرئيس على الهاتف
00_0170,استفهام غدا صديق لقاء,هل ستلتقي بصديقك غدا
00_0171,انا غدا صديق لقاء,سالتقي بصديقي غدا
00_0172,هو شرب هو,هو يشرب ماء
00_0173,انا شرب ماضي,شربت الماء امس
00_0174,ولد شخص ماء هو,الولد يشرب الماء
00_0175,نسيان دراجه,نسيت الدراجه
00_0176,انا جميع جوع,نحن جائعون
00_0177,حافله خوف هو,الحافله جديده
00_0178,سوال بيتزا,اين البيتزا
00_0179,نظاره غالي,النظارات غاليه
00_0180,حذاء رخيص,الحذاء رخيص
00_0181,حاسب لاب_توب غالي,الكمبيوتر غالي السعر
00_0182,شوكولاته صحه,الشوكولاته صحيه
00_0183,اب مستشفى منزل سبب حادث,والدي في المستشفى لانه تعرض لحادث
00_0184,استئذان عصير تفاحه,من فضلك اعطني عصير تفاح
00_0185,رغبه صوره قط صغير,ابني يريد تصوير القط الصغير
00_0186,انا خوف ولاده قبل وقت,اخاف من الولاده قبل الاوان
00_0187,انا ام ذهاب مستشفى سبب مرض,ذهبت والدتي الى المستشفى لانها مريضه
00_0188,انا نوم تقلب,اجد صعوبه في النوم
00_0189,ابن زعل سبب كلب موت,ابني حزين لان الكلب مات
00_0190,جد ماضي هو حزن سبب طير موت,جدي حزين لان الطائر مات
00_0191,انا زعل سبب قط موت الان صباح,انا حزين لان قطتي ماتت هذا الصباح
00_0192,انا ذهاب مزرعه شراء بيض موزه انواع,اذهب الى المزرعه لشراء البيض و الموز
00_0193,وجوب استيقاظ وقت سبع كل_يوم,يجب ان استيقظ الساعه السادسه كل يوم
00_0194,انا صديق صم قدره ترجمه اشاره,صديقي اصم لكن يمكنني ان اترجم له
00_0195,استئذان تذكره طياره عطاء,من فضلك اعطني تذكره الرحله
00_0196,ترجمه ذهاب مركز الثلاثاء مستمر,المترجم يذهب الى المعهد كل يوم ثلاثاء
00_0197,انا حفيد رغبه سباحه بحر,احفادي يرغبون السباحه في البحر
00_0198,انا معرفه اخبار ترجمه مشاهده معرفه,انا افهم الاخبار مع الترجمه
00_0199,مشاهده شاشه قليل مشاهده اخبار,نادرا اشاهد الاخبار التلفزيونيه
00_0200,انا غدا وقت اثنان عمل خلاص,ينتهي عملي غدا الساعه الثانيه
00_0201,هو هاتف اتصال شرطه,انت اتصلت بالشرطه
00_0202,رغبه ساعه تخفيض طياره معاق,اريد خصم الرحله للمعاقين
00_0203,انا اسم سياره اسم,اريد نقل ملكيه سيارتي
00_0204,استفهام صدر خوف مسوول سوال سياره اسم,من سيكون المالك الجديد
00_0205,هو وجوب شرب زياده,يجب ان تشرب الكثير من الماء
00_0206,كتاب صباح صيف مكتبه لوحه صباح صيف,المكتب مفتوح في الصباح و الظهر
00_0207,ولد سرق هاتف,سرق شخص ما هاتفي
00_0208,انا ولد هو هاتف اخذ اختفاء,اخذ رجل الهاتف وهرب
00_0209,انت سوال ذهاب جري,الى اين ركض
00_0210,مستمر جري بحر,ركض الى الشاطئ
00_0211,سوال هو ماضي هو,اين كنت
00_0212,هو ماضي كوفي انتظار,كنت في مقهى
00_0213,هو انا بحث هاتف بحث جواب,سوف ابحث عن الهاتف و نبلغك
00_0214,هو رغبه اسبوع اخر راحه سعيد,اتمنى لك عطله نهايه اسبوع سعيده
00_0215,انا رغبه جواز سفر رغبه,اريد الحصول على جواز سفر
00_0216,رغبه شكوى,اريد تقديم شكوى
00_0217,انا رغبه طبيب د,انا بحاجه الى طبيب
00_0218,د يوجد غدا يوجد,الطبيب موجود غدا
00_0219,مشكله سوال,ما المشكله
00_0220,انا لا صحه سيئ,صحتي غير جيده
00_0221,انا استفراغ ثاني اسهال انا,انا اتقيا و اعاني من الاسهال
00_0222,تاريخ سوال اسهال تاريخ فتح,منذ متى تعاني من الاسهال
00_0223,ثلاث قبل,ثلاث ايام
00_0224,هو حمى هو,هل لديك حمى
00_0225,نعم انا دوخه,نعم انا اعاني من دوخه
00_0226,انا ماضي ثلاث اكل سوال,ماذا اكلت قبل ثلاث ايام
00_0227,انا رغبه وقت موعد صوره بطن رغبه,اريد موعدا لاجراء تصوير البطن بالموجات فوق الصوتيه
00_0228,هو تجنب بقره خضار انواع تجنب,تجنب منتجات الالبان و الخضار
00_0229,انا قدره دجاج سمكه,يمكنني اكل الدجاج و السمك
00_0230,تمام اريد اكل رز مكرونه قدره,بالطبع يمكن ان تاكل الرز و المكرونه
00_0231,انا عمل لا_يوجد تامين لا_يوجد,انا عاطل عن العمل و ليس لدي تامين
00_0232,هو دفع مال سوال,اين دفع الرسوم
00_0233,بنك اي_شي,في احد البنوك
00_0234,هو مقابله ملكيه مقابله محادثه,هل تحدثت الى المالك
00_0235,اعاده عوده ثلاث عوده,تعال مره اخرى بعد ثلاث ايام
00_0236,هو عوده مع هو,هل جئتم معا
00_0237,ان_شاء_الله غدا دفع,ان شاء الله ادفع غدا
00_0238,رغبه مستقبل سعيد,اتمنى لك مستقبل سعيد
00_0239,مهم بطاقه هويه اخذ صوره,احتاج الى بطاقه الهويه و صوره ضوئيه
00_0240,ولد سرقه حقيبه_يد,سرق الرجل حقيبتي
00_0241,هو اختبار اخر شهاده,سيتم اختبارك و ستحصل على النتائج
00_0242,هو رخصه رسمي واحد ثلاث,ستكون الرخصه جاهزه في غضون ثلاث اسابيع
00_0243,بطاقه سوال اسابيع ثلاث,سيكون التصريح جاهز في غضون ثلاث اسابيع
00_0244,جواز كتاب اتقان ممكن عشر_ايام,سيكون جواز السفر جاهز في غضون عشر ايام
00_0245,وجوب دفع جواز سفر,يجب عليك دفع رسوم جواز السفر
00_0246,شكر,شكرا
00_0247,شكر مساعده,شكرا لمساعدتك
00_0248,صباح خير,صباح الخير
00_0249,صباح خير طاعه خدمه سوال,صباح الخير كيف يمكنني ان اخدمك
00_0250,صباح خير هو رغبه مساعده,صباح الخير هل تحتاج مساعده
00_0251,ولد صفه سوال,صف الرجل
00_0252,ولد طويل نحيف شعر اصفر قصير,كان الرجل طويل ونحيل وشعره اشقر قصير
00_0253,انا بطن الم,عندي الم في المعده
00_0254,انا جواز تاريخ انتهاء,جواز سفري منتهي الصلاحيه
00_0255,سبب ولد شخص لبس سوال,ماذا كان يرتدي الرجل
00_0256,ولد لبس بنطال احمر حذاء ابيض,الرجل يرتدي بنطال احمر و حذاء ابيض
00_0257,سوال جواز تاريخ انتهاء تاريخ سوال,ماهو تاريخ نهايه صلاحيه الجواز
00_0258,سن خمس,خمس سنوات
00_0259,سوال ضياع حقيبه_يد,كيف فقدت الحقيبه
00_0260,ماضي مرض خطر,اصبت بمرض خطير
00_0261,هاتف هويه ضياع سوال,كيف فقدت هاتفك و هويتك
00_0262,هو بطن ت س م م,لديك تسمم غذائي
00_0263,انا هويه ضياع,فقدت هويتي
00_0264,انا ممتاز اتقان,حالي ممتاز
00_0265,وقت مسافه طياره خارج مسافه تاريخ سوال,ما هي الفتره التي ستقضيها بالسفر الى الخارج
00_0266,تاريخ سرقه تاريخ سوال,متى حدثت السرقه
00_0267,ماضي,منذ زمن
00_0268,تاريخ فتح مرض,متى بدا المرض
00_0269,مرض ماضي صغير مرض,مرضت عندما كنت طفل
00_0270,دعوه انا رغبه مساعده,مرحبا انا بحاجه الى مساعده
00_0271,انا دعوه طاعه مساعده,مرحبا كيف يمكنني المساعده
00_0272,دعوه اخبار حال جيد,مرحبا ما اخبارك
00_0273,ليل خير,مساء الخير
00_0274,مع_السلامه,مع السلامه
00_0275,سوال ازعاج سوال,من يزعجك
00_0276,هو دواء ماضي يوجد,هل تناولت اي ادويه
00_0277,هو يوجد تحويل د,هل لديك تحويا من الطبيب
00_0278,انا نعم د بطن,نعم من طبيب الجهاز الهضمي
00_0279,هو يوجد تامين,هل لديك تامين
00_0280,نعم تامين,نعم لدي تامين
00_0281,هو رخصه سياره هو,هل لديك رخصه سياره
00_0282,هو بطاقه صوره هويه هو,هل عندك بطاقه هويتك
00_0283,ثاني صوره سوال جواز_سفر,و صوره جواز السفر
00_0284,ولاده طفل اتقان,ولد الطفل سليم
00_0285,ولاده ماضي تسع,ولد الطفل قبل الاوان
00_0286,وجوب طلب صوره هويه,يجب عليك احضار صوره من هويتك
00_0287,سوال هو هاتف مشاهده سوال,هل رايت الهاتف
00_0288,طاوله على,على الطاوله
00_0289,استفهام سوال سرقه هاتف هو,من الذي سرق الهاتف
00_0290,هو كتابه تفاصيل حال,اكتب الحدث بالتفصيل
00_0291,هو عضو مع السعوديه قصه,هل انت عضو في الفريق السعودي
00_0292,نعم انا مع السعوديه قصه رمايه صم,نعم انا في الفريق السعودي للرمايه للصم
00_0293,غدا شهاده تقديم,ساحضر الشهاده غدا
00_0294,سوال عمر سن,كم عمرك
00_0295,انا تعليم ولد اخر شهاده,انا ادرس وابني لديه شهاده
00_0296,انا رغبه لا ممتاز,لا احتاج شيء
00_0297,هو قلم يوجد,هل لديك قلم
00_0298,هو كتابه تاريخ الان,اكتب تاريخ اليوم
00_0299,انا رغبه بطاقه سياره,اريد الحصول على رخصه قياده
00_0300,استفهام دواء قدره هو,هل تناولت الدواء
00_0301,انا نوم ليل,انام ليلا
00_0302,انا حب لون ابيض كره لون اسود,احب اللون الابيض واكره اللون الاسود
00_0303,انا رغبه شراء سوق لوحه,اريد ان اشتري اغراض منزلي من السوبرماركت
00_0304,انا اسم ا ح م د,اسمي احمد
00_0305,انا عمل ترجمه لغه اشاره,انا اعمل مترجم لغه اشاره
00_0306,انا قراءه كتاب,انا اقرا الكتاب
00_0307,انا مع اسره مع مشاهده كره_قدم مباراه,انا واسرتي ذهبنا لمشاهده مباراه كره قدم
00_0308,انا رغبه ذهاب مستشفى سبب ابن مرض,اريد الذهاب للمستشفى بسبب ابني مريض
00_0309,انا اب بيع تصوير,ابي باع الكاميرا
00_0310,اب انا لون حب لون ازرق ام لون حب سوال وردي,ابي يحب اللون الازرق وامي تحب اللون الوردي
00_0311,انا حب اب,احب ابي
00_0312,انا حب بنت اخ,احب اختي
00_0313,انا حب صلاه,احب صلاه
00_0314,انا حب اكل,احب الطعام
00_0315,انا حب صديق,احب زميلي
00_0316,انا اخ بنت جميل,اختي جميله
00_0317,انا اخ زواج الثلاثاء قادم,اخي سيتزوج يوم الثلاثاء القادم
00_0318,حقيبه_ظهر حقيبه_يد خفيف,الحقيبه خفيفه
00_0319,انا اخ سياره سرعه,اخي يقود السياره بسرعه
00_0320,انا مساعده ام منزل,اساعد امي في المنزل
00_0321,انا مساعده فقير,اساعد الفقراء
00_0322,انا صديق مدرسه مع ثلاث بنت ولد خمس,اصدقائي في المدرسه ثلاث بنات و خمس اولاد
00_0323,انا معرفه لغه اشاره,انا اتعلم لغه الاشاره
00_0324,انا وضوء صلاه,انا اتوضا للصلاه
00_0325,انا حب كره_قدم صيد سمكه,انا احب كره القدم وصيد السمك
00_0326,انا طاعه سوال معلم,انا احترم المعلم
00_0327,انا زياره اقارب مستمر,انا ازور اقاربي دائما
00_0328,انا عمل معلم مدرسه,انا اعمل معلم مدرسه
00_0329,انا نار خلط صباح اكل,انا اجهز الفطور
00_0330,انا حفظ مدرسه قراءه,انا احفظ الدرس
00_0331,انا مدرسه جامعه,انا ادرس في الجامعه
00_0332,انا معرفه قراءه مدرسه,انا اذاكر دروسي
00_0333,انا ذهاب مدرسه,انا اذهب للمدرسه
00_0334,انا مشي منزل,انا اذهب للمنزل
00_0335,انا فوضى ترتيب غرفه نوم,انا ارتب غرفتي
00_0336,انا طاعه معلم بنت,انا استمع للمعلمه
00_0337,انا ذهاب مع اب صلاه الجمعه,انا ذاهب مع والدي الي صلاه الجمعه
00_0338,انا زوج مع كل_يوم مشي,انا وزوجتي نمشي يوميا
00_0339,اب نوم سرير,ابي ينام على السرير
00_0340,الاسبوع_الماضي جد موت رحمه الله,الاسبوع الماضي جدي مات رحمه الله
00_0341,الاسبوع_الماضي صديق جد موت,الاسبوع الماضي صديقي جده مات
00_0342,الجمعه السبت اجازه,الجمعه و السبت عطله
00_0343,شرطه قال ممنوع انتظار,الشرطي قال ممنوع الانتظار
00_0344,صيف نهايه ذهاب برد,الصيف انتهى و جاء الشتاء
00_0345,غني مساعده فقير,الغني يساعد الفقير
00_0346,ولد ذهاب مدرسه ابتسامه,الولد يخرج من المدرسه سعيد
00_0347,ولد دخل مدرسه خوف,الولد يدخل المدرسه خائف
00_0348,هو ابن بنت اول عمر سن سوال اسم سوال,ابنتك الاولى كم عمرها و ما اسمها
00_0349,رقم عمر ابن ولد,كم عمر ابنك
00_0350,اب هو اسم سوال,ابوك ما اسمه
00_0351,ام اب صم,ابي و امي من الصم
00_0352,انا اخ موزه اكل صباح,اخي ياكل الموز صباحا
00_0353,استيقاظ وقت ست صباح,استيقظ الساعه السادسه فجرا
00_0354,اسف فهم كلام لا انا,اسف لا افهم ما تقول
00_0355,انا اسم م ر ا د,اسمي مراد
00_0356,انا تنظيف_اسنان,اغسل اسناني
00_0357,غسل_وجه,اغسل وجهي
00_0358,غسل_يد,اغسل يدي
00_0359,بحر لون ازرق,البحر ازرق
00_0360,عضل رياضه فائده صحه,البروتين مفيد للجسم
00_0361,منزل جدار لون ابيض,الجدار ابيض
00_0362,مدرسه سهل,الدرس سهل
00_0363,مدرسه مشاهده فائده,الدرس مفيد
00_0364,ولد شخص صعود جبل,الرجل يصعد الجبل
00_0365,السبت ماضي انا تعب,السبت الماضي كنت متعب
00_0366,السلام_عليكم,السلام عليكم
00_0367,ولد بناء منزل جميل,الشاب يبني بيت جميل
00_0368,شباب شخص رغبه سباحه,الشاب يحب السباحه
00_0369,صلاه حلو,الصلاه جميله
00_0370,د مساعده انسان,الطبيب يساعد الناس
00_0371,اكل فائده مستشفى,الطعام صحي
00_0372,قلم لون ازرق,القلم ازرق
00_0373,لون قلم انا خاص,القلم هذا لي
00_0374,مدرسه جميل,الكتاب رائع
00_0375,ترجمه سريع ذكي,المترجم سريع وذكي
00_0376,نوم فندق ممتاز سعيد,النوم بالفندق مريح
00_0377,ولد هو كتابه,الولد يكتب الدرس
00_0378,ولد شخص لعب,الولد يلعب
00_0379,مع_السلامه,الى اللقاء
00_0380,ام نداء انا اخ,امي تنادي اخي
00_0381,انا فهم لغه اشاره قليل,انا افهم لغه الاشاره قليلا
00_0382,انا كره طفل بكاء,انا اكره بكاء الطفل
00_0383,انا سعيد سبب مشاهده,انا سعيد برويتك
00_0384,انا عمر اثنان_ثلاثون سن,انا عمري ٣٢ سنه
00_0385,هو حب قهوه كوفي,انت تحب القهوه
00_0386,هو شخص ذكي,انت شخص ذكي
00_0387,هو سوال منزل موقع سوال,ما هو عنوان منزلك
00_0388,انا جد ماضي شراء مزرعه,جدي اشترى مزرعه
00_0389,جد ماضي حب شاي اب انا حب قهوه,جدي يحب الشاي و ابي يحب القهوه
00_0390,مدرسه قصه يوجد طاوله هو,كتاب القصه على الطاوله
00_0391,استفهام سوال ابن جيد,كيف حال ابنك
00_0392,استفهام سوال شخص هو اسره جيد,كيف حال اسرتك
00_0393,انا زوج لا_يوجد,انا لست متزوج
00_0394,مع ذهاب,نذهب معا
00_0395,استفهام هو اسم سوال,ما هو اسمك
00_0396,هو عمل سوال,ماذا تعمل
00_0397,انا صم,انا اصم
00_0398,استفهام هو صم,هل انت اصم
00_0399,استفهام هو زوج,هل انت متزوج
00_0400,كل_يوم صباح مشي وقت اثنان,يوميا في الصباح امشي لمده ساعتين
00_0401,انا رغبه اكل مكرونه,اريد ان اكل المكرونه
00_0402,انا رغبه شراء بيض رز,اريد شراء البيض و الرز
00_0403,انا رغبه ذهاب بحر,اريد ان اذهب الى البحر
00_0404,هو بنت شخص حذاء اسود فستان لون وردي,البنت ترتدي حذاء اسود و فستان وردي
00_0405,صيف ذهاب صيد سمكه,في الصيف اذهب لصيد السمك
00_0406,انا اخ حب لون احمر,اخي يحب اللون الاحمر
00_0407,سرير خفيف سعيد,السرير مريح
00_0408,كلب خلف منزل,الكلب خلف الحائط
00_0409,انا سن الم سن,عندي الم في اسناني
00_0410,انا حفيد مع ذهاب قهوه كوفي,انا و احفادي ذهبنا الى المقهى
00_0411,انا اسف,انا اسف
00_0412,فندق داخل برد,الفندق بارد
00_0413,انا ابن ت س م م بطن,ابني يعاني من تسمم غذائي
00_0414,انا حب لا ال ب ق و ل ي ا ت,لا احب البقوليات
00_0415,انا معرفه سبب اختبار,انا اذاكر للاختبار
00_0416,انا وضوء قبل نوم,انا اتوضا قبل النوم
00_0417,ام نار خلط غرفه خلط,امي تطبخ الفطور في المطبخ
00_0418,طفل لعب بحر قريب,الطفل يلعب على الشاطى
00_0419,انا حب برد,احب البرد
00_0420,انا حب تفاحه موزه انواع صيف,احب اكل الفاكهه في الصيف
00_0421,انا لقاء اقارب مباراه,التقي باقاربي في المباراه
00_0422,سوال موقع بيع,اين المتجر
00_0423,انا ابن بنت بطن,ابنتي تعاني من الم في المعده
00_0424,انا اخ رغبه لا ال خ س,اختي لا تحب الخس
00_0425,دجاج طير في ب ر و ت ي ن,الدجاج فيه بروتين
00_0426,انا اخ مع ارنب قصه رمايه,اخي في فريق الرمايه
00_0427,انتظار اخ بنت جامعه,انتظر اختي في الجامعه
00_0428,شخص خدمه نحيف ركض سرعه,النادل نحيل وسريع
00_0429,طفل بكاء صراخ ازعاج,بكاء الطفل مزعج
00_0430,اخ بنت جديله لون اصفر,شعر اختي طويل ولونه اشقر
00_0431,ذاكره نسيان تذكره طياره,لقد نسيت تذكره الطياره
00_0432,لا طاوله كرسي لا,لا تجلس على الطاوله
00_0433,رغبه وقت اتقان د هضمي,اريد موعد مع طبيب الجهاز الهضمي
00_0434,ولد هو اختفاء شرطه,هرب الرجل من الشرطه
00_0435,انا غسل_وجه صباح,اغسل وجهي في الصباح
00_0436,انا شراء انا اخ شراء دراجه_ناريه,اشترى اخي دراجه ناريه
00_0437,انا منزل مدرسه اخر نهايه,انتهيت من واجباتي المدرسيه
00_0438,حقيبه_يد حقيبه_ظهر حقيبه_يد خفيف لا,الحقيبه ليست خفيفه
00_0439,كلب جبل صعود,الكلب يصعد الجبل
00_0440,ولد كتابه جدار كتابه,الولد يكتب على الجدار
00_0441,انا الثلاثاء شراء تصوير,ساشتري كاميرا يوم الثلاثاء
00_0442,ممنوع كرسي لا_2,ممنوع الجلوس
00_0443,سوال مال سوال صوره اسود بطن,كم سعر تصوير الموجات فوق الصوتيه للبطن
00_0444,استفهام لوحه الثلاثاء مفتوح هو,هل المحل مفتوح يوم الثلاثاء
00_0445,هو ثلج قليل هنا,الثلج نادر هنا
00_0446,هو تاريخ وقت ولاده,متى موعد الولاده
00_0447,انا حضور تاريخ وقت محدد تاخير,حضرت للموعد متاخر
00_0448,انا رغبه شكوى سبب ازعاج,اريد تقديم شكوى بسبب الازعاج
00_0449,انا اخ رغبه طياره تخفيض,ابي يريد بدل اعاقه
00_0450,انا رغبه كلمه منزل نقل,اريد نقل ملكيه المنزل
00_0451,هو ملكيه منزل خوف انا,هو مالك المنزل الجديد
00_0452,انا جد رغبه حب سوال اخبار تلفاز,جدي يحب مشاهده الاخبار التلفزيونيه
00_0453,انا اخ بناء سوال جبل,اخي يبني بيت فوق الجبل
00_0454,رياضه فائده صحه,الرياضه مفيده للصحه
00_0455,انا مشاهده هويه نظر سوال الاربعاء,لقد وجدت هويتي يوم الاربعاء
00_0456,استفهام بطاقه يوجد,هل لديك رخصه
00_0457,ممنوع اكل بقره جبن انواع,ممنوع ان اكل منتجات الالبان
00_0458,انا جد جيد غني,جدي جيد وغني
00_0459,تقديم فقير اكل,اعطي الفقير اكل
00_0460,استفهام حب بقره او عصير,هل تحب الحليب ام العصير
00_0461,انا غرفه لون وردي,غرفتي لونها وردي
00_0462,موقع منزل سوال,ما هو عنوانك
00_0463,انا ضياع كتاب قصه,فقدت كتاب القصه
00_0464,اتصال زوج,اتصلت بزوجي
00_0465,هو طير دخل سرير تحت,الطائر تحت السرير
00_0466,انا طاعه جد,انا احترم جدي
00_0467,الان تاريخ اثنان عشر,اليوم هو الثاني من اكتوبر
00_0468,انا غدا منزل ترتيب تنظيف,انا ارتب المنزل يوميا
00_0469,استئذان غدا عوده,من قضلك تعال غدا
00_0470,انا رغبه دوره_مياه,اريد ان اذهب الى الحمام
00_0471,زوج هو شراء كل_يوم الجمعه منزل اعطاء,زوجي يشتري اغراض المنزل يوم الجمعه
00_0472,رغبه لا انتظار,اكره الانتظار
00_0473,مال دفع بطاقه سياره مال رخيص,رسوم رخصه القياده رخيصه
00_0474,انا رغبه صوره_شخصيه اربع,انا اريد اربع صور ضوئيه
00_0475,انا اخ عمل بدون,اخي عاطل عن العمل
00_0476,عمر ام انا اثنان_ثلاثون سن,عمر امي اثنان و ثلاثون سنه
00_0477,هو استفهام هو ولد شخص صفه سرقه سوال,صف الرجل الذي سرق
00_0478,هو ولد ولاده اتقان صباح,ولد الطفل سليم في الصباح
00_0479,مشاهده صعب تقلب سبب ازعاج صراخ,اجد صعوبه في النوم بسبب الازعاج
00_0480,انا اخ بنت زواج تاريخ السبت قادم,اختي ستتزوج يوم السبت القادم
00_0481,انا مشاهده معرفه مدرسه,انا استمع للدرس
00_0482,انا حفظ مدرسه داخل مدرسه,انا احفظ الدرس في المدرسه
00_0483,انا ام عمل داخل منزل داخل,امي تعمل في البيت
00_0484,انا رغبه تحويل د بطن,اريد تحويل من طبيب الجهاز الهضمي
00_0485,تاريخ سوال د عوده تاريخ سوال,متى سيعود الطبيب الى المستشفى
00_0486,انا ابن بنت عمر اربع_سنوات,ابنتي عمرها اربع سنوات
00_0487,انا سياره حافله,انا اقود الحافله
00_0488,انا زياره هو جد اسبوع مستمر,ازور جدي كل اسبوع
00_0489,انا سعيد سبب صيف اغلاق,انا سعيد بعطله الصيف
00_0490,انا لبس بنطال لون ازرق,انا البس بنطلون جينز ازرق
00_0491,انا استفراغ دوخه حمى الان,انا اتقيا واعاني من دوخه وحمى الان
00_0492,انا ذهاب فيلم سينما وقت اثنان ليل,انا اذهب الى السينما الساعه الثانيه مساء
00_0493,انا اخ عضو مع السعوديه قصه كره_قدم,اخي عضو في الفريق السعودي لكره القدم
00_0494,بيع جد بيع مزرعه,باع جدي المزرعه
00_0495,معلم بنت نداء اخ بنت,المعلمه تنادي اختي
00_0496,دراجه_ناريه هو خطر,الدراجه الناريه خطيره
00_0497,سوال اخر شهاده سوال,ما هي نتائج الاختبار
00_0498,انا غسل_يد قبل اكل,اغسل يدي قبل الاكل
00_0499,بنت هو لبس لون ابيض,المراه ترتدي لبس ابيض
00_0500,استفهام نسخ بطاقه هو,هل لديك نسخه من التصريح
01_0001,سوال هو,من هو
01_0002,هو معلم لغه اشاره,هو مدرس لغه اشاره
01_0003,استفهام هو معلم هو,هل انت مدرس
01_0004,هو معلم لا انا مدرسه,انت لست مدرس انا طالب
01_0005,هو سوال,هو من
01_0006,هو صديق مدرسه,هو زميلي في المدرسه
01_0007,استفهام هو صديق مدرسه,هل هو زميلك في المدرسه
01_0008,انا اسره رقم ثلاث اشخاص,اسرتي تتكون من ثلاث اشخاص
01_0009,رقم عمر ابن بنت,كم عمر ابنتك
01_0010,عمر اربع سن عمر,عمرها اربع سنوات
01_0011,عمر سن خمسون سن,عمره خمسين سنه
01_0012,سوال بنت ابن,اين ابنته
01_0013,عمر ابن خمسون سن,عمر ابنه خمسين سنه
01_0014,معرفه هو لغه اشاره,هو يعرف لغه الاشاره
01_0015,معرفه لغه اشاره,اعرف لغه الاشاره
01_0016,هو معرفه ام لغه اشاره,هل تعرف والدتك لغه الاشاره
01_0017,لا معرفه لغه اشاره,لا تعلم لغه الاشاره
01_0018,ممكن هو قدره كتابه اسم هو,ممكن تكتب اسمك
01_0019,انا كتابه,انا اكتب
01_0020,استفهام تاريخ الان سوال,ما هو تاريخ اليوم
01_0021,الان واحد شهر عشر,اليوم هو واحد اكتوبر
01_0022,انا ذهاب مدرسه سبب كره_قدم,انا اذهب الى المدرسه لالعب كره القدم
01_0023,انا قلب قدره,انوي القيام به
01_0024,هو رغبه شرب سوال,ماذا تريد ان تشرب
01_0025,انا رغبه شرب شاي,انا اريد ان اشرب الشاي
01_0026,هو رغبه اكل سوال,ماذا تريد ان تاكل
01_0027,انا رغبه اكل رز,اريد ان اكل رز
01_0028,انا رغبه ذهاب مكتبه بعد صيف,اريد ان اذهب الى المكتبه بعد الظهر
01_0029,هو رغبه بعد صيف سوال,ماذا تريد ان تفعل بعد الظهر
01_0030,انا رغبه ذهاب لوحه بقاله,اريد ان اذهب الى السوبرماركت بعد الظهر
01_0031,سبب رغبه شراء,ماذا تريد ان تشتري
01_0032,انا رغبه كوب شراء,اريد شراء كوب
01_0033,انا رغبه معرفه لغه اشاره,اريد ان اتعلم لغه الاشاره
01_0034,انا رغبه ذهاب مدرسه سبب قراءه غدا,اريد ان اذهب الى المدرسه لقراءه الكتب غدا
01_0035,رقم معلم مدرسه هو,كم عدد المدرسين في مدرستك
01_0036,رقم اشخاص مدرسه هو مدرسه,كم عدد الاشخاص في مدرستك
01_0037,سوال قط,اين القطه
01_0038,قط صغير تحت طاوله,القط الصغير تحت الطاوله
01_0039,اب هو منزل يوجد,والدك في المنزل
01_0040,لا منزل لا_يوجد,ليس في المنزل
01_0041,سوال اب,اين والدك
01_0042,اب مستشفى يوجد,والدي في المستشفى
01_0043,سوال عمل,اين يعمل
01_0044,صديق انا مدرسه,صديقي في المدرسه
01_0045,انا ام منزل,امي في المنزل
01_0046,سوال كوب شرب,اين الكوب
01_0047,سوال صديق هو,اين اصدقائك
01_0048,قراءه سوال مكان مدرسه,القراءه في المدرسه
01_0049,طاوله هو سوال,ماذا يوجد على الطاوله
01_0050,طاوله كتاب لاب_توب يوجد,هناك كتب و كمبيوترعلى الطاوله
01_0051,هو اسم هو,ما اسمه
01_0052,اسم هو ولد خلف,ما اسم ذلك الرجل في الخلف
01_0053,استئذان انا كرسي الان,ممكن اجلس على الكرسي
01_0054,استئذان دعوه كرسي,من فضلك اجلس
01_0055,سوال كرسي يوجد سوال,ماذا يوجد على الكرسي
01_0056,كرسي قط صغير فوق_كرسي,هناك قط صغير على الكرسي
01_0057,يوجد مدرسه يوجد بيع,يوجد متجر في المدرسه
01_0058,رقم وقت الان,كم الوقت الان
01_0059,وقت سوال عشر,الساعه العاشره
01_0060,وقت هو صيف اكل وقت سوال,متى تاكل في الظهر
01_0061,تاريخ وقت اب انا منزل اخر تاريخ,متى سيعود ابي الى المنزل
01_0062,وقت خمس ليل,الوقت الخامسه مساء
01_0063,هو تاريخ ذهاب سينما فيلم تاريخ,متى نذهب الى السينما
01_0064,هو الان مطر,يوجد مطر الان
01_0065,لا مطر الان لا,لا يوجد مطر الان
01_0066,لا برد الان,لا يوجد برد الان
01_0067,سوال صحه هو,كيف حالك
01_0068,شكر د,شكرا دكتور
01_0069,هو مطر غدا,هل ستمطر غدا
01_0070,لا غدا مطر لا,لن تمطر غدا
01_0071,هو عمل سوال,ماذا تعمل
01_0072,انا شعر قراءه,انا اقرا
01_0073,انا شراء تفاحه موزه انواع,انا اشتريت فواكه
01_0074,انا سعيد مقابله,انا سعيد بلقائك
01_0075,هو رغبه رياضه سوال قلب رغبه سوال,ما هي الرياضه التي تحبها
01_0076,انا حب كره_قدم كثير حب,احب لعب كره القدم كثيرا
01_0077,سوال هو شراء تفاحه,هل اشتريت التفاح
01_0078,انا شراء تفاحه لا_يوجد,انا لم اشتري التفاح
01_0079,هو لبس جيد حلو,لبسه جميل
01_0080,جو برد قليل,الجو بارد قليلا
01_0081,انا الان ماضي تعب,كنت متعب قليلا امس
01_0082,هو مشاهده هاتف مشاهده,هل رايت هاتفي
01_0083,هو صديق انا,هو صديقي
01_0084,سوال عمر اخ هو,كم هو عمر اخيك
01_0085,انا استيقاظ وقت خمس صباح كل_يوم,استيقظ في الخامسه كل صباح
01_0086,نهايه كتابه منزل نهايه,انتهيت من واجباتي
01_0087,انا خلط اكل خلط كل_يوم ليل,اطبخ كل ليله
01_0088,انا خوف,انا خائف
01_0089,سبب خوف,لماذا انت خائف
01_0090,دعوه مع دعوه اكل ليل دعوه الان ليل,لنتناول العشاء معا الليله
01_0091,سوال كرسي حمام,اين الحمام
01_0092,انا رغبه شرب بقره,اريد ان اشرب الحليب
01_0093,اعاده عوده مدرسه حافله,نعود الى المدرسه بالحافله
01_0094,هو اكل صباح اكل هو,هل اكلت الفطور
01_0095,انا اب خلط اكل نارغرفه,ابي يعد العشاء في المطبخ
01_0096,مكتبه مدرسه جميل,مكتبه المدرسه جميله
01_0097,لا حب اكل موز,لا احل اكل الموز
01_0098,كتاب جواز تذكره طياره حقيبه_يد يوجد,جواز سفري و تذكره الطياره في الحقيبه
01_0099,انا اب حادث,تعرض ابي لحادث
01_0100,انا اكل ليل وقت تسع,انا اكل العشاء الساعه التاسعه
01_0101,انا زوج عمل كثير,زوجي يعمل كثيرا
01_0102,زوج عمل سوال اكل لوحه,زوجي يعمل في المطعم
01_0103,هو طفل رغبه لعب انواع كثير,يريد الطفل العاب متنوعه
01_0104,رغبه حذاء خوف,اريد حذاء جديد
01_0105,انا رغبه تلفاز حاسب خوف,اريد كمبيوتر جديد
01_0106,هو رغبه دراجه,اريد دراجه
01_0107,زهره مطر رغبه,الزهور تحتاج المطر
01_0108,استفهام هو جوع اكل هو,هل انت جائع
01_0109,هو يوجد سلطه اتقان,هل لديك سلطه طازجه
01_0110,استفهام هو تفاحه اتقان,هل لديك تفاح طازج
01_0111,اخ جوع,اخي جائع
01_0112,هو ام جوع,والدتك جائعه
01_0113,الان تفاحه موزه يوجد لوحه,يوجد اليوم تفاح و موز في السوبرماركت
01_0114,هو مساعده,هل تساعدني
01_0115,شرطه استفهام منزل ام سوال,يسالني الشرطي عن مكان والدتي
01_0116,تاريخ زوج هو ذهاب سينما,متى سيذهب زوجك للسينما
01_0117,معلم ذهاب مركز صم يوم الاربعاء,يذهب المعلم الى مركز الصم يوم الاربعاء
01_0118,شخص صم ذهاب مركز صم,يذهب الاصم الى مركز الصم
01_0119,انا بيتزا سوال لوحه اكل,انا اكل البيتزا في المطعم
01_0120,هو رغبه حب اكل شوكولاته بسكوت حب هو,تحب ان تاكل البسكوت و الشوكولاته
01_0121,انا سياره ركوب ذهاب لوحه بقاله شوكولاته,انا اقود الى السوبرماركت
01_0122,بنت دراجه,البنت تركب دراجه
01_0123,انا صديق دراجه ماضي,ركب صديقي دراجه امس
01_0124,شرطه دراجه_ناريه,يركب الشرطي دراجه ناريه
01_0125,ولد صم هو سياره قدره,الرجل الاصم يقود سياره
01_0126,مدرسه شخص سياره ذهاب وصل مركز سياره,ياتي الطالب الى المعهد بالسياره
01_0127,استفهام الحذاء مشاهده سوال,هل رايت الحذاء
01_0128,هو قدره مشاهده نظاره,هل رايت النظارات
01_0129,لاب_توب حاسب مشاهده لاب_توب,هل رايت الكمبيوتر
01_0130,انا ذهاب سينما الان ليل,انا ذاهب الى السينما الليله
01_0131,اخ ذهاب اكل لوحه,ذهب اخي الى المطعم
01_0132,انا ذهاب لوحه شوكولاته بقاله انواع شراء,انا ذاهب الى السوبرماركت
01_0133,زوج ذهاب لوحه بقاله,يذهب الزوج الى السوبرماركت
01_0134,دعوه نداء اكل رغبه تعداد,اطلب من النادل
01_0135,الان برد ليل برد,الجو بارد الليله
01_0136,الان برد ماضي مركز صم,شعرت بالبرد في مركز الصم امس
01_0137,انا شعور برد حافله داخل ليل الان,انا اشعر بالبرد في الحافله الليله
01_0138,شراء شاي شرب رغبه هو,هل تريد شراء الشاي
01_0139,انا شراء شوكولاته,انا اشتري الشوكولاته
01_0140,ولد شخص شراء ماء,الولد يشتري الماء
01_0141,انا غدا حاسب شراء,سوف اشتري كمبيوتر غدا
01_0142,الان خس ال خ س لوحه بقاله,اليوم نشتري الخس من السوبرماركت
01_0143,انا الان خلط اكل,انا اطبخ الان
01_0144,الان خلط لا,لا اطبخ الان
01_0145,وقت سوال حافله دخول,متى تاتي الحافله
01_0146,وقت رئيس ذهاب وقت سوال,متى ياتي الرئيس
01_0147,رقم بسكوت مال تفاحه مال رقم,كم سعر البسكوت والتفاح
01_0148,زوج هو معرفه لغه اشاره,زوجك يتعلم لغه الاشاره
01_0149,هو صديق هو معرفه لغه اشاره,صديقك يتعلم لغه الاشاره
01_0150,بنت هو قراءه,المراه تقرا
01_0151,ولد قراءه,الولد يقرا
01_0152,صديق كتاب قراءه,صديقي يقرا كتاب
01_0153,ام قراءه كل_يوم السبت,الام تقرا كتاب يوم السبت
01_0154,اخ حب كتاب خوف هو,يحب اخوك قراءه كتاب جديد
01_0155,انا حب شاي,نحن نحب الشاي
01_0156,انا حب بقره اتقان,انا احب الحليب الطازج
01_0157,طفل حب ثلج هو,الطفل يحب الثلج
01_0158,انا حب شوكولاته بقره,انا احب الشوكولاته و الحليب
01_0159,هو حب شوكولاته بسكوت,تحب الشوكولاته او البسكوت
01_0160,سلطه اتقان ممتاز,السلطه الطازجه طعمها جيد
01_0161,موزه تفاحه اتقان ممتاز جيد,طعم الموز والتفاح الطازج جيد
01_0162,انا صديق كتابه,صديقي يكتب
01_0163,ممكن صديق قدره كتابه,يمكن لصديقي ان يكتب
01_0164,لعب هو ممتاز,اللعبه جميله
01_0165,انا بحث تفاحه احمر,انا ابحث عن تفاح احمر
01_0166,هو رغبه قهوه شاي رغبه سوال,هل تريد قهوه او شاي
01_0167,هو بحث قهوه شاي,هل تريد شاي ام قهوه
01_0168,انا بحث تفاحه احمر شوكولاته,انا ابحث عن تفاح احمر و شوكولاته
01_0169,رئيس اتصال,الرئيس على الهاتف
01_0170,استفهام غدا صديق لقاء,هل ستلتقي بصديقك غدا
01_0171,انا غدا صديق لقاء,سالتقي بصديقي غدا
01_0172,هو شرب هو,هو يشرب ماء
01_0173,انا شرب ماضي,شربت الماء امس
01_0174,ولد شخص ماء هو,الولد يشرب الماء
01_0175,نسيان دراجه,نسيت الدراجه
01_0176,انا جميع جوع,نحن جائعون
01_0177,حافله خوف هو,الحافله جديده
01_0178,سوال بيتزا,اين البيتزا
01_0179,نظاره غالي,النظارات غاليه
01_0180,حذاء رخيص,الحذاء رخيص
01_0181,حاسب لاب_توب غالي,الكمبيوتر غالي السعر
01_0182,شوكولاته صحه,الشوكولاته صحيه
01_0183,اب مستشفى منزل سبب حادث,والدي في المستشفى لانه تعرض لحادث
01_0184,استئذان عصير تفاحه,من فضلك اعطني عصير تفاح
01_0185,رغبه صوره قط صغير,ابني يريد تصوير القط الصغير
01_0186,انا خوف ولاده قبل وقت,اخاف من الولاده قبل الاوان
01_0187,انا ام ذهاب مستشفى سبب مرض,ذهبت والدتي الى المستشفى لانها مريضه
01_0188,انا نوم تقلب,اجد صعوبه في النوم
01_0189,ابن زعل سبب كلب موت,ابني حزين لان الكلب مات
01_0190,جد ماضي هو حزن سبب طير موت,جدي حزين لان الطائر مات
01_0191,انا زعل سبب قط موت الان صباح,انا حزين لان قطتي ماتت هذا الصباح
01_0192,انا ذهاب مزرعه شراء بيض موزه انواع,اذهب الى المزرعه لشراء البيض و الموز
01_0193,وجوب استيقاظ وقت سبع كل_يوم,يجب ان استيقظ الساعه السادسه كل يوم
01_0194,انا صديق صم قدره ترجمه اشاره,صديقي اصم لكن يمكنني ان اترجم له
01_0195,استئذان تذكره طياره عطاء,من فضلك اعطني تذكره الرحله
01_0196,ترجمه ذهاب مركز الثلاثاء مستمر,المترجم يذهب الى المعهد كل يوم ثلاثاء
01_0197,انا حفيد رغبه سباحه بحر,احفادي يرغبون السباحه في البحر
01_0198,انا معرفه اخبار ترجمه مشاهده معرفه,انا افهم الاخبار مع الترجمه
01_0199,مشاهده شاشه قليل مشاهده اخبار,نادرا اشاهد الاخبار التلفزيونيه
01_0200,انا غدا وقت اثنان عمل خلاص,ينتهي عملي غدا الساعه الثانيه
01_0201,هو هاتف اتصال شرطه,انت اتصلت بالشرطه
01_0202,رغبه ساعه تخفيض طياره معاق,اريد خصم الرحله للمعاقين
01_0203,انا اسم سياره اسم,اريد نقل ملكيه سيارتي
01_0204,استفهام صدر خوف مسوول سوال سياره اسم,من سيكون المالك الجديد
01_0205,هو وجوب شرب زياده,يجب ان تشرب الكثير من الماء
01_0206,كتاب صباح صيف مكتبه لوحه صباح صيف,المكتب مفتوح في الصباح و الظهر
01_0207,ولد سرق هاتف,سرق شخص ما هاتفي
01_0208,انا ولد هو هاتف اخذ اختفاء,اخذ رجل الهاتف وهرب
01_0209,انت سوال ذهاب جري,الى اين ركض
01_0210,مستمر جري بحر,ركض الى الشاطئ
01_0211,سوال هو ماضي هو,اين كنت
01_0212,هو ماضي كوفي انتظار,كنت في مقهى
01_0213,هو انا بحث هاتف بحث جواب,سوف ابحث عن الهاتف و نبلغك
01_0214,هو رغبه اسبوع اخر راحه سعيد,اتمنى لك عطله نهايه اسبوع سعيده
01_0215,انا رغبه جواز سفر رغبه,اريد الحصول على جواز سفر
01_0216,رغبه شكوى,اريد تقديم شكوى
01_0217,انا رغبه طبيب د,انا بحاجه الى طبيب
01_0218,د يوجد غدا يوجد,الطبيب موجود غدا
01_0219,مشكله سوال,ما المشكله
01_0220,انا لا صحه سيئ,صحتي غير جيده
01_0221,انا استفراغ ثاني اسهال انا,انا اتقيا و اعاني من الاسهال
01_0222,تاريخ سوال اسهال تاريخ فتح,منذ متى تعاني من الاسهال
01_0223,ثلاث قبل,ثلاث ايام
01_0224,هو حمى هو,هل لديك حمى
01_0225,نعم انا دوخه,نعم انا اعاني من دوخه
01_0226,انا ماضي ثلاث اكل سوال,ماذا اكلت قبل ثلاث ايام
01_0227,انا رغبه وقت موعد صوره بطن رغبه,اريد موعدا لاجراء تصوير البطن بالموجات فوق الصوتيه
01_0228,هو تجنب بقره خضار انواع تجنب,تجنب منتجات الالبان و الخضار
01_0229,انا قدره دجاج سمكه,يمكنني اكل الدجاج و السمك
01_0230,تمام اريد اكل رز مكرونه قدره,بالطبع يمكن ان تاكل الرز و المكرونه
01_0231,انا عمل لا_يوجد تامين لا_يوجد,انا عاطل عن العمل و ليس لدي تامين
01_0232,هو دفع مال سوال,اين دفع الرسوم
01_0233,بنك اي_شي,في احد البنوك
01_0234,هو مقابله ملكيه مقابله محادثه,هل تحدثت الى المالك
01_0235,اعاده عوده ثلاث عوده,تعال مره اخرى بعد ثلاث ايام
01_0236,هو عوده مع هو,هل جئتم معا
01_0237,ان_شاء_الله غدا دفع,ان شاء الله ادفع غدا
01_0238,رغبه مستقبل سعيد,اتمنى لك مستقبل سعيد
01_0239,مهم بطاقه هويه اخذ صوره,احتاج الى بطاقه الهويه و صوره ضوئيه
01_0240,ولد سرقه حقيبه_يد,سرق الرجل حقيبتي
01_0241,هو اختبار اخر شهاده,سيتم اختبارك و ستحصل على النتائج
01_0242,هو رخصه رسمي واحد ثلاث,ستكون الرخصه جاهزه في غضون ثلاث اسابيع
01_0243,بطاقه سوال اسابيع ثلاث,سيكون التصريح جاهز في غضون ثلاث اسابيع
01_0244,جواز كتاب اتقان ممكن عشر_ايام,سيكون جواز السفر جاهز في غضون عشر ايام
01_0245,وجوب دفع جواز سفر,يجب عليك دفع رسوم جواز السفر
01_0246,شكر,شكرا
01_0247,شكر مساعده,شكرا لمساعدتك
01_0248,صباح خير,صباح الخير
01_0249,صباح خير طاعه خدمه سوال,صباح الخير كيف يمكنني ان اخدمك
01_0250,صباح خير هو رغبه مساعده,صباح الخير هل تحتاج مساعده
01_0251,ولد صفه سوال,صف الرجل
01_0252,ولد طويل نحيف شعر اصفر قصير,كان الرجل طويل ونحيل وشعره اشقر قصير
01_0253,انا بطن الم,عندي الم في المعده
01_0254,انا جواز تاريخ انتهاء,جواز سفري منتهي الصلاحيه
01_0255,سبب ولد شخص لبس سوال,ماذا كان يرتدي الرجل
01_0256,ولد لبس بنطال احمر حذاء ابيض,الرجل يرتدي بنطال احمر و حذاء ابيض
01_0257,سوال جواز تاريخ انتهاء تاريخ سوال,ماهو تاريخ نهايه صلاحيه الجواز
01_0258,سن خمس,خمس سنوات
01_0259,سوال ضياع حقيبه_يد,كيف فقدت الحقيبه
01_0260,ماضي مرض خطر,اصبت بمرض خطير
01_0261,هاتف هويه ضياع سوال,كيف فقدت هاتفك و هويتك
01_0262,هو بطن ت س م م,لديك تسمم غذائي
01_0263,انا هويه ضياع,فقدت هويتي
01_0264,انا ممتاز اتقان,حالي ممتاز
01_0265,وقت مسافه طياره خارج مسافه تاريخ سوال,ما هي الفتره التي ستقضيها بالسفر الى الخارج
01_0266,تاريخ سرقه تاريخ سوال,متى حدثت السرقه
01_0267,ماضي,منذ زمن
01_0268,تاريخ فتح مرض,متى بدا المرض
01_0269,مرض ماضي صغير مرض,مرضت عندما كنت طفل
01_0270,دعوه انا رغبه مساعده,مرحبا انا بحاجه الى مساعده
01_0271,انا دعوه طاعه مساعده,مرحبا كيف يمكنني المساعده
01_0272,دعوه اخبار حال جيد,مرحبا ما اخبارك
01_0273,ليل خير,مساء الخير
01_0274,مع_السلامه,مع السلامه
01_0275,سوال ازعاج سوال,من يزعجك
01_0276,هو دواء ماضي يوجد,هل تناولت اي ادويه
01_0277,هو يوجد تحويل د,هل لديك تحويا من الطبيب
01_0278,انا نعم د بطن,نعم من طبيب الجهاز الهضمي
01_0279,هو يوجد تامين,هل لديك تامين
01_0280,نعم تامين,نعم لدي تامين
01_0281,هو رخصه سياره هو,هل لديك رخصه سياره
01_0282,هو بطاقه صوره هويه هو,هل عندك بطاقه هويتك
01_0283,ثاني صوره سوال جواز_سفر,و صوره جواز السفر
01_0284,ولاده طفل اتقان,ولد الطفل سليم
01_0285,ولاده ماضي تسع,ولد الطفل قبل الاوان
01_0286,وجوب طلب صوره هويه,يجب عليك احضار صوره من هويتك
01_0287,سوال هو هاتف مشاهده سوال,هل رايت الهاتف
01_0288,طاوله على,على الطاوله
01_0289,استفهام سوال سرقه هاتف هو,من الذي سرق الهاتف
01_0290,هو كتابه تفاصيل حال,اكتب الحدث بالتفصيل
01_0291,هو عضو مع السعوديه قصه,هل انت عضو في الفريق السعودي
01_0292,نعم انا مع السعوديه قصه رمايه صم,نعم انا في الفريق السعودي للرمايه للصم
01_0293,غدا شهاده تقديم,ساحضر الشهاده غدا
01_0294,سوال عمر سن,كم عمرك
01_0295,انا تعليم ولد اخر شهاده,انا ادرس وابني لديه شهاده
01_0296,انا رغبه لا ممتاز,لا احتاج شيء
01_0297,هو قلم يوجد,هل لديك قلم
01_0298,هو كتابه تاريخ الان,اكتب تاريخ اليوم
01_0299,انا رغبه بطاقه سياره,اريد الحصول على رخصه قياده
01_0300,استفهام دواء قدره هو,هل تناولت الدواء
01_0301,انا نوم ليل,انام ليلا
01_0302,انا حب لون ابيض كره لون اسود,احب اللون الابيض واكره اللون الاسود
01_0303,انا رغبه شراء سوق لوحه,اريد ان اشتري اغراض منزلي من السوبرماركت
01_0304,انا اسم ا ح م د,اسمي احمد
01_0305,انا عمل ترجمه لغه اشاره,انا اعمل مترجم لغه اشاره
01_0306,انا قراءه كتاب,انا اقرا الكتاب
01_0307,انا مع اسره مع مشاهده كره_قدم مباراه,انا واسرتي ذهبنا لمشاهده مباراه كره قدم
01_0308,انا رغبه ذهاب مستشفى سبب ابن مرض,اريد الذهاب للمستشفى بسبب ابني مريض
01_0309,انا اب بيع تصوير,ابي باع الكاميرا
01_0310,اب انا لون حب لون ازرق ام لون حب سوال وردي,ابي يحب اللون الازرق وامي تحب اللون الوردي
01_0311,انا حب اب,احب ابي
01_0312,انا حب بنت اخ,احب اختي
01_0313,انا حب صلاه,احب صلاه
01_0314,انا حب اكل,احب الطعام
01_0315,انا حب صديق,احب زميلي
01_0316,انا اخ بنت جميل,اختي جميله
01_0317,انا اخ زواج الثلاثاء قادم,اخي سيتزوج يوم الثلاثاء القادم
01_0318,حقيبه_ظهر حقيبه_يد خفيف,الحقيبه خفيفه
01_0319,انا اخ سياره سرعه,اخي يقود السياره بسرعه
01_0320,انا مساعده ام منزل,اساعد امي في المنزل
01_0321,انا مساعده فقير,اساعد الفقراء
01_0322,انا صديق مدرسه مع ثلاث بنت ولد خمس,اصدقائي في المدرسه ثلاث بنات و خمس اولاد
01_0323,انا معرفه لغه اشاره,انا اتعلم لغه الاشاره
01_0324,انا وضوء صلاه,انا اتوضا للصلاه
01_0325,انا حب كره_قدم صيد سمكه,انا احب كره القدم وصيد السمك
01_0326,انا طاعه سوال معلم,انا احترم المعلم
01_0327,انا زياره اقارب مستمر,انا ازور اقاربي دائما
01_0328,انا عمل معلم مدرسه,انا اعمل معلم مدرسه
01_0329,انا نار خلط صباح اكل,انا اجهز الفطور
01_0330,انا حفظ مدرسه قراءه,انا احفظ الدرس
01_0331,انا مدرسه جامعه,انا ادرس في الجامعه
01_0332,انا معرفه قراءه مدرسه,انا اذاكر دروسي
01_0333,انا ذهاب مدرسه,انا اذهب للمدرسه
01_0334,انا مشي منزل,انا اذهب للمنزل
01_0335,انا فوضى ترتيب غرفه نوم,انا ارتب غرفتي
01_0336,انا طاعه معلم بنت,انا استمع للمعلمه
01_0337,انا ذهاب مع اب صلاه الجمعه,انا ذاهب مع والدي الي صلاه الجمعه
01_0338,انا زوج مع كل_يوم مشي,انا وزوجتي نمشي يوميا
01_0339,اب نوم سرير,ابي ينام على السرير
01_0340,الاسبوع_الماضي جد موت رحمه الله,الاسبوع الماضي جدي مات رحمه الله
01_0341,الاسبوع_الماضي صديق جد موت,الاسبوع الماضي صديقي جده مات
01_0342,الجمعه السبت اجازه,الجمعه و السبت عطله
01_0343,شرطه قال ممنوع انتظار,الشرطي قال ممنوع الانتظار
01_0344,صيف نهايه ذهاب برد,الصيف انتهى و جاء الشتاء
01_0345,غني مساعده فقير,الغني يساعد الفقير
01_0346,ولد ذهاب مدرسه ابتسامه,الولد يخرج من المدرسه سعيد
01_0347,ولد دخل مدرسه خوف,الولد يدخل المدرسه خائف
01_0348,هو ابن بنت اول عمر سن سوال اسم سوال,ابنتك الاولى كم عمرها و ما اسمها
01_0349,رقم عمر ابن ولد,كم عمر ابنك
01_0350,اب هو اسم سوال,ابوك ما اسمه
01_0351,ام اب صم,ابي و امي من الصم
01_0352,انا اخ موزه اكل صباح,اخي ياكل الموز صباحا
01_0353,استيقاظ وقت ست صباح,استيقظ الساعه السادسه فجرا
01_0354,اسف فهم كلام لا انا,اسف لا افهم ما تقول
01_0355,انا اسم م ر ا د,اسمي مراد
01_0356,انا تنظيف_اسنان,اغسل اسناني
01_0357,غسل_وجه,اغسل وجهي
01_0358,غسل_يد,اغسل يدي
01_0359,بحر لون ازرق,البحر ازرق
01_0360,عضل رياضه فائده صحه,البروتين مفيد للجسم
01_0361,منزل جدار لون ابيض,الجدار ابيض
01_0362,مدرسه سهل,الدرس سهل
01_0363,مدرسه مشاهده فائده,الدرس مفيد
01_0364,ولد شخص صعود جبل,الرجل يصعد الجبل
01_0365,السبت ماضي انا تعب,السبت الماضي كنت متعب
01_0366,السلام_عليكم,السلام عليكم
01_0367,ولد بناء منزل جميل,الشاب يبني بيت جميل
01_0368,شباب شخص رغبه سباحه,الشاب يحب السباحه
01_0369,صلاه حلو,الصلاه جميله
01_0370,د مساعده انسان,الطبيب يساعد الناس
01_0371,اكل فائده مستشفى,الطعام صحي
01_0372,قلم لون ازرق,القلم ازرق
01_0373,لون قلم انا خاص,القلم هذا لي
01_0374,مدرسه جميل,الكتاب رائع
01_0375,ترجمه سريع ذكي,المترجم سريع وذكي
01_0376,نوم فندق ممتاز سعيد,النوم بالفندق مريح
01_0377,ولد هو كتابه,الولد يكتب الدرس
01_0378,ولد شخص لعب,الولد يلعب
01_0379,مع_السلامه,الى اللقاء
01_0380,ام نداء انا اخ,امي تنادي اخي
01_0381,انا فهم لغه اشاره قليل,انا افهم لغه الاشاره قليلا
01_0382,انا كره طفل بكاء,انا اكره بكاء الطفل
01_0383,انا سعيد سبب مشاهده,انا سعيد برويتك
01_0384,انا عمر اثنان_ثلاثون سن,انا عمري ٣٢ سنه
01_0385,هو حب قهوه كوفي,انت تحب القهوه
01_0386,هو شخص ذكي,انت شخص ذكي
01_0387,هو سوال منزل موقع سوال,ما هو عنوان منزلك
01_0388,انا جد ماضي شراء مزرعه,جدي اشترى مزرعه
01_0389,جد ماضي حب شاي اب انا حب قهوه,جدي يحب الشاي و ابي يحب القهوه
01_0390,مدرسه قصه يوجد طاوله هو,كتاب القصه على الطاوله
01_0391,استفهام سوال ابن جيد,كيف حال ابنك
01_0392,استفهام سوال شخص هو اسره جيد,كيف حال اسرتك
01_0393,انا زوج لا_يوجد,انا لست متزوج
01_0394,مع ذهاب,نذهب معا
01_0395,استفهام هو اسم سوال,ما هو اسمك
01_0396,هو عمل سوال,ماذا تعمل
01_0397,انا صم,انا اصم
01_0398,استفهام هو صم,هل انت اصم
01_0399,استفهام هو زوج,هل انت متزوج
01_0400,كل_يوم صباح مشي وقت اثنان,يوميا في الصباح امشي لمده ساعتين
01_0401,انا رغبه اكل مكرونه,اريد ان اكل المكرونه
01_0402,انا رغبه شراء بيض رز,اريد شراء البيض و الرز
01_0403,انا رغبه ذهاب بحر,اريد ان اذهب الى البحر
01_0404,هو بنت شخص حذاء اسود فستان لون وردي,البنت ترتدي حذاء اسود و فستان وردي
01_0405,صيف ذهاب صيد سمكه,في الصيف اذهب لصيد السمك
01_0406,انا اخ حب لون احمر,اخي يحب اللون الاحمر
01_0407,سرير خفيف سعيد,السرير مريح
01_0408,كلب خلف منزل,الكلب خلف الحائط
01_0409,انا سن الم سن,عندي الم في اسناني
01_0410,انا حفيد مع ذهاب قهوه كوفي,انا و احفادي ذهبنا الى المقهى
01_0411,انا اسف,انا اسف
01_0412,فندق داخل برد,الفندق بارد
01_0413,انا ابن ت س م م بطن,ابني يعاني من تسمم غذائي
01_0414,انا حب لا ال ب ق و ل ي ا ت,لا احب البقوليات
01_0415,انا معرفه سبب اختبار,انا اذاكر للاختبار
01_0416,انا وضوء قبل نوم,انا اتوضا قبل النوم
01_0417,ام نار خلط غرفه خلط,امي تطبخ الفطور في المطبخ
01_0418,طفل لعب بحر قريب,الطفل يلعب على الشاطى
01_0419,انا حب برد,احب البرد
01_0420,انا حب تفاحه موزه انواع صيف,احب اكل الفاكهه في الصيف
01_0421,انا لقاء اقارب مباراه,التقي باقاربي في المباراه
01_0422,سوال موقع بيع,اين المتجر
01_0423,انا ابن بنت بطن,ابنتي تعاني من الم في المعده
01_0424,انا اخ رغبه لا ال خ س,اختي لا تحب الخس
01_0425,دجاج طير في ب ر و ت ي ن,الدجاج فيه بروتين
01_0426,انا اخ مع ارنب قصه رمايه,اخي في فريق الرمايه
01_0427,انتظار اخ بنت جامعه,انتظر اختي في الجامعه
01_0428,شخص خدمه نحيف ركض سرعه,النادل نحيل وسريع
01_0429,طفل بكاء صراخ ازعاج,بكاء الطفل مزعج
01_0430,اخ بنت جديله لون اصفر,شعر اختي طويل ولونه اشقر
01_0431,ذاكره نسيان تذكره طياره,لقد نسيت تذكره الطياره
01_0432,لا طاوله كرسي لا,لا تجلس على الطاوله
01_0433,رغبه وقت اتقان د هضمي,اريد موعد مع طبيب الجهاز الهضمي
01_0434,ولد هو اختفاء شرطه,هرب الرجل من الشرطه
01_0435,انا غسل_وجه صباح,اغسل وجهي في الصباح
01_0436,انا شراء انا اخ شراء دراجه_ناريه,اشترى اخي دراجه ناريه
01_0437,انا منزل مدرسه اخر نهايه,انتهيت من واجباتي المدرسيه
01_0438,حقيبه_يد حقيبه_ظهر حقيبه_يد خفيف لا,الحقيبه ليست خفيفه
01_0439,كلب جبل صعود,الكلب يصعد الجبل
01_0440,ولد كتابه جدار كتابه,الولد يكتب على الجدار
01_0441,انا الثلاثاء شراء تصوير,ساشتري كاميرا يوم الثلاثاء
01_0442,ممنوع كرسي لا_2,ممنوع الجلوس
01_0443,سوال مال سوال صوره اسود بطن,كم سعر تصوير الموجات فوق الصوتيه للبطن
01_0444,استفهام لوحه الثلاثاء مفتوح هو,هل المحل مفتوح يوم الثلاثاء
01_0445,هو ثلج قليل هنا,الثلج نادر هنا
01_0446,هو تاريخ وقت ولاده,متى موعد الولاده
01_0447,انا حضور تاريخ وقت محدد تاخير,حضرت للموعد متاخر
01_0448,انا رغبه شكوى سبب ازعاج,اريد تقديم شكوى بسبب الازعاج
01_0449,انا اخ رغبه طياره تخفيض,ابي يريد بدل اعاقه
01_0450,انا رغبه كلمه منزل نقل,اريد نقل ملكيه المنزل
01_0451,هو ملكيه منزل خوف انا,هو مالك المنزل الجديد
01_0452,انا جد رغبه حب سوال اخبار تلفاز,جدي يحب مشاهده الاخبار التلفزيونيه
01_0453,انا اخ بناء سوال جبل,اخي يبني بيت فوق الجبل
01_0454,رياضه فائده صحه,الرياضه مفيده للصحه
01_0455,انا مشاهده هويه نظر سوال الاربعاء,لقد وجدت هويتي يوم الاربعاء
01_0456,استفهام بطاقه يوجد,هل لديك رخصه
01_0457,ممنوع اكل بقره جبن انواع,ممنوع ان اكل منتجات الالبان
01_0458,انا جد جيد غني,جدي جيد وغني
01_0459,تقديم فقير اكل,اعطي الفقير اكل
01_0460,استفهام حب بقره او عصير,هل تحب الحليب ام العصير
01_0461,انا غرفه لون وردي,غرفتي لونها وردي
01_0462,موقع منزل سوال,ما هو عنوانك
01_0463,انا ضياع كتاب قصه,فقدت كتاب القصه
01_0464,اتصال زوج,اتصلت بزوجي
01_0465,هو طير دخل سرير تحت,الطائر تحت السرير
01_0466,انا طاعه جد,انا احترم جدي
01_0467,الان تاريخ اثنان عشر,اليوم هو الثاني من اكتوبر
01_0468,انا غدا منزل ترتيب تنظيف,انا ارتب المنزل يوميا
01_0469,استئذان غدا عوده,من قضلك تعال غدا
01_0470,انا رغبه دوره_مياه,اريد ان اذهب الى الحمام
01_0471,زوج هو شراء كل_يوم الجمعه منزل اعطاء,زوجي يشتري اغراض المنزل يوم الجمعه
01_0472,رغبه لا انتظار,اكره الانتظار
01_0473,مال دفع بطاقه سياره مال رخيص,رسوم رخصه القياده رخيصه
01_0474,انا رغبه صوره_شخصيه اربع,انا اريد اربع صور ضوئيه
01_0475,انا اخ عمل بدون,اخي عاطل عن العمل
01_0476,عمر ام انا اثنان_ثلاثون سن,عمر امي اثنان و ثلاثون سنه
01_0477,هو استفهام هو ولد شخص صفه سرقه سوال,صف الرجل الذي سرق
01_0478,هو ولد ولاده اتقان صباح,ولد الطفل سليم في الصباح
01_0479,مشاهده صعب تقلب سبب ازعاج صراخ,اجد صعوبه في النوم بسبب الازعاج
01_0480,انا اخ بنت زواج تاريخ السبت قادم,اختي ستتزوج يوم السبت القادم
01_0481,انا مشاهده معرفه مدرسه,انا استمع للدرس
01_0482,انا حفظ مدرسه داخل مدرسه,انا احفظ الدرس في المدرسه
01_0483,انا ام عمل داخل منزل داخل,امي تعمل في البيت
01_0484,انا رغبه تحويل د بطن,اريد تحويل من طبيب الجهاز الهضمي
01_0485,تاريخ سوال د عوده تاريخ سوال,متى سيعود الطبيب الى المستشفى
01_0486,انا ابن بنت عمر اربع_سنوات,ابنتي عمرها اربع سنوات
01_0487,انا سياره حافله,انا اقود الحافله
01_0488,انا زياره هو جد اسبوع مستمر,ازور جدي كل اسبوع
01_0489,انا سعيد سبب صيف اغلاق,انا سعيد بعطله الصيف
01_0490,انا لبس بنطال لون ازرق,انا البس بنطلون جينز ازرق
01_0491,انا استفراغ دوخه حمى الان,انا اتقيا واعاني من دوخه وحمى الان
01_0492,انا ذهاب فيلم سينما وقت اثنان ليل,انا اذهب الى السينما الساعه الثانيه مساء
01_0493,انا اخ عضو مع السعوديه قصه كره_قدم,اخي عضو في الفريق السعودي لكره القدم
01_0494,بيع جد بيع مزرعه,باع جدي المزرعه
01_0495,معلم بنت نداء اخ بنت,المعلمه تنادي اختي
01_0496,دراجه_ناريه هو خطر,الدراجه الناريه خطيره
01_0497,سوال اخر شهاده سوال,ما هي نتائج الاختبار
01_0498,انا غسل_يد قبل اكل,اغسل يدي قبل الاكل
01_0499,بنت هو لبس لون ابيض,المراه ترتدي لبس ابيض
01_0500,استفهام نسخ بطاقه هو,هل لديك نسخه من التصريح
03_0001,سوال هو,من هو
03_0002,هو معلم لغه اشاره,هو مدرس لغه اشاره
03_0003,استفهام هو معلم هو,هل انت مدرس
03_0004,هو معلم لا انا مدرسه,انت لست مدرس انا طالب
03_0005,هو سوال,هو من
03_0006,هو صديق مدرسه,هو زميلي في المدرسه
03_0007,استفهام هو صديق مدرسه,هل هو زميلك في المدرسه
03_0008,انا اسره رقم ثلاث اشخاص,اسرتي تتكون من ثلاث اشخاص
03_0009,رقم عمر ابن بنت,كم عمر ابنتك
03_0010,عمر اربع سن عمر,عمرها اربع سنوات
03_0011,عمر سن خمسون سن,عمره خمسين سنه
03_0012,سوال بنت ابن,اين ابنته
03_0013,عمر ابن خمسون سن,عمر ابنه خمسين سنه
03_0014,معرفه هو لغه اشاره,هو يعرف لغه الاشاره
03_0015,معرفه لغه اشاره,اعرف لغه الاشاره
03_0016,هو معرفه ام لغه اشاره,هل تعرف والدتك لغه الاشاره
03_0017,لا معرفه لغه اشاره,لا تعلم لغه الاشاره
03_0018,ممكن هو قدره كتابه اسم هو,ممكن تكتب اسمك
03_0019,انا كتابه,انا اكتب
03_0020,استفهام تاريخ الان سوال,ما هو تاريخ اليوم
03_0021,الان واحد شهر عشر,اليوم هو واحد اكتوبر
03_0022,انا ذهاب مدرسه سبب كره_قدم,انا اذهب الى المدرسه لالعب كره القدم
03_0023,انا قلب قدره,انوي القيام به
03_0024,هو رغبه شرب سوال,ماذا تريد ان تشرب
03_0025,انا رغبه شرب شاي,انا اريد ان اشرب الشاي
03_0026,هو رغبه اكل سوال,ماذا تريد ان تاكل
03_0027,انا رغبه اكل رز,اريد ان اكل رز
03_0028,انا رغبه ذهاب مكتبه بعد صيف,اريد ان اذهب الى المكتبه بعد الظهر
03_0029,هو رغبه بعد صيف سوال,ماذا تريد ان تفعل بعد الظهر
03_0030,انا رغبه ذهاب لوحه بقاله,اريد ان اذهب الى السوبرماركت بعد الظهر
03_0031,سبب رغبه شراء,ماذا تريد ان تشتري
03_0032,انا رغبه كوب شراء,اريد شراء كوب
03_0033,انا رغبه معرفه لغه اشاره,اريد ان اتعلم لغه الاشاره
03_0034,انا رغبه ذهاب مدرسه سبب قراءه غدا,اريد ان اذهب الى المدرسه لقراءه الكتب غدا
03_0035,رقم معلم مدرسه هو,كم عدد المدرسين في مدرستك
03_0036,رقم اشخاص مدرسه هو مدرسه,كم عدد الاشخاص في مدرستك
03_0037,سوال قط,اين القطه
03_0038,قط صغير تحت طاوله,القط الصغير تحت الطاوله
03_0039,اب هو منزل يوجد,والدك في المنزل
03_0040,لا منزل لا_يوجد,ليس في المنزل
03_0041,سوال اب,اين والدك
03_0042,اب مستشفى يوجد,والدي في المستشفى
03_0043,سوال عمل,اين يعمل
03_0044,صديق انا مدرسه,صديقي في المدرسه
03_0045,انا ام منزل,امي في المنزل
03_0046,سوال كوب شرب,اين الكوب
03_0047,سوال صديق هو,اين اصدقائك
03_0048,قراءه سوال مكان مدرسه,القراءه في المدرسه
03_0049,طاوله هو سوال,ماذا يوجد على الطاوله
03_0050,طاوله كتاب لاب_توب يوجد,هناك كتب و كمبيوترعلى الطاوله
03_0051,هو اسم هو,ما اسمه
03_0052,اسم هو ولد خلف,ما اسم ذلك الرجل في الخلف
03_0053,استئذان انا كرسي الان,ممكن اجلس على الكرسي
03_0054,استئذان دعوه كرسي,من فضلك اجلس
03_0055,سوال كرسي يوجد سوال,ماذا يوجد على الكرسي
03_0056,كرسي قط صغير فوق_كرسي,هناك قط صغير على الكرسي
03_0057,يوجد مدرسه يوجد بيع,يوجد متجر في المدرسه
03_0058,رقم وقت الان,كم الوقت الان
03_0059,وقت سوال عشر,الساعه العاشره
03_0060,وقت هو صيف اكل وقت سوال,متى تاكل في الظهر
03_0061,تاريخ وقت اب انا منزل اخر تاريخ,متى سيعود ابي الى المنزل
03_0062,وقت خمس ليل,الوقت الخامسه مساء
03_0063,هو تاريخ ذهاب سينما فيلم تاريخ,متى نذهب الى السينما
03_0064,هو الان مطر,يوجد مطر الان
03_0065,لا مطر الان لا,لا يوجد مطر الان
03_0066,لا برد الان,لا يوجد برد الان
03_0067,سوال صحه هو,كيف حالك
03_0068,شكر د,شكرا دكتور
03_0069,هو مطر غدا,هل ستمطر غدا
03_0070,لا غدا مطر لا,لن تمطر غدا
03_0071,هو عمل سوال,ماذا تعمل
03_0072,انا شعر قراءه,انا اقرا
03_0073,انا شراء تفاحه موزه انواع,انا اشتريت فواكه
03_0074,انا سعيد مقابله,انا سعيد بلقائك
03_0075,هو رغبه رياضه سوال قلب رغبه سوال,ما هي الرياضه التي تحبها
03_0076,انا حب كره_قدم كثير حب,احب لعب كره القدم كثيرا
03_0077,سوال هو شراء تفاحه,هل اشتريت التفاح
03_0078,انا شراء تفاحه لا_يوجد,انا لم اشتري التفاح
03_0079,هو لبس جيد حلو,لبسه جميل
03_0080,جو برد قليل,الجو بارد قليلا
03_0081,انا الان ماضي تعب,كنت متعب قليلا امس
03_0082,هو مشاهده هاتف مشاهده,هل رايت هاتفي
03_0083,هو صديق انا,هو صديقي
03_0084,سوال عمر اخ هو,كم هو عمر اخيك
03_0085,انا استيقاظ وقت خمس صباح كل_يوم,استيقظ في الخامسه كل صباح
03_0086,نهايه كتابه منزل نهايه,انتهيت من واجباتي
03_0087,انا خلط اكل خلط كل_يوم ليل,اطبخ كل ليله
03_0088,انا خوف,انا خائف
03_0089,سبب خوف,لماذا انت خائف
03_0090,دعوه مع دعوه اكل ليل دعوه الان ليل,لنتناول العشاء معا الليله
03_0091,سوال كرسي حمام,اين الحمام
03_0092,انا رغبه شرب بقره,اريد ان اشرب الحليب
03_0093,اعاده عوده مدرسه حافله,نعود الى المدرسه بالحافله
03_0094,هو اكل صباح اكل هو,هل اكلت الفطور
03_0095,انا اب خلط اكل نارغرفه,ابي يعد العشاء في المطبخ
03_0096,مكتبه مدرسه جميل,مكتبه المدرسه جميله
03_0097,لا حب اكل موز,لا احل اكل الموز
03_0098,كتاب جواز تذكره طياره حقيبه_يد يوجد,جواز سفري و تذكره الطياره في الحقيبه
03_0099,انا اب حادث,تعرض ابي لحادث
03_0100,انا اكل ليل وقت تسع,انا اكل العشاء الساعه التاسعه
03_0101,انا زوج عمل كثير,زوجي يعمل كثيرا
03_0102,زوج عمل سوال اكل لوحه,زوجي يعمل في المطعم
03_0103,هو طفل رغبه لعب انواع كثير,يريد الطفل العاب متنوعه
03_0104,رغبه حذاء خوف,اريد حذاء جديد
03_0105,انا رغبه تلفاز حاسب خوف,اريد كمبيوتر جديد
03_0106,هو رغبه دراجه,اريد دراجه
03_0107,زهره مطر رغبه,الزهور تحتاج المطر
03_0108,استفهام هو جوع اكل هو,هل انت جائع
03_0109,هو يوجد سلطه اتقان,هل لديك سلطه طازجه
03_0110,استفهام هو تفاحه اتقان,هل لديك تفاح طازج
03_0111,اخ جوع,اخي جائع
03_0112,هو ام جوع,والدتك جائعه
03_0113,الان تفاحه موزه يوجد لوحه,يوجد اليوم تفاح و موز في السوبرماركت
03_0114,هو مساعده,هل تساعدني
03_0115,شرطه استفهام منزل ام سوال,يسالني الشرطي عن مكان والدتي
03_0116,تاريخ زوج هو ذهاب سينما,متى سيذهب زوجك للسينما
03_0117,معلم ذهاب مركز صم يوم الاربعاء,يذهب المعلم الى مركز الصم يوم الاربعاء
03_0118,شخص صم ذهاب مركز صم,يذهب الاصم الى مركز الصم
03_0119,انا بيتزا سوال لوحه اكل,انا اكل البيتزا في المطعم
03_0120,هو رغبه حب اكل شوكولاته بسكوت حب هو,تحب ان تاكل البسكوت و الشوكولاته
03_0121,انا سياره ركوب ذهاب لوحه بقاله شوكولاته,انا اقود الى السوبرماركت
03_0122,بنت دراجه,البنت تركب دراجه
03_0123,انا صديق دراجه ماضي,ركب صديقي دراجه امس
03_0124,شرطه دراجه_ناريه,يركب الشرطي دراجه ناريه
03_0125,ولد صم هو سياره قدره,الرجل الاصم يقود سياره
03_0126,مدرسه شخص سياره ذهاب وصل مركز سياره,ياتي الطالب الى المعهد بالسياره
03_0127,استفهام الحذاء مشاهده سوال,هل رايت الحذاء
03_0128,هو قدره مشاهده نظاره,هل رايت النظارات
03_0129,لاب_توب حاسب مشاهده لاب_توب,هل رايت الكمبيوتر
03_0130,انا ذهاب سينما الان ليل,انا ذاهب الى السينما الليله
03_0131,اخ ذهاب اكل لوحه,ذهب اخي الى المطعم
03_0132,انا ذهاب لوحه شوكولاته بقاله انواع شراء,انا ذاهب الى السوبرماركت
03_0133,زوج ذهاب لوحه بقاله,يذهب الزوج الى السوبرماركت
03_0134,دعوه نداء اكل رغبه تعداد,اطلب من النادل
03_0135,الان برد ليل برد,الجو بارد الليله
03_0136,الان برد ماضي مركز صم,شعرت بالبرد في مركز الصم امس
03_0137,انا شعور برد حافله داخل ليل الان,انا اشعر بالبرد في الحافله الليله
03_0138,شراء شاي شرب رغبه هو,هل تريد شراء الشاي
03_0139,انا شراء شوكولاته,انا اشتري الشوكولاته
03_0140,ولد شخص شراء ماء,الولد يشتري الماء
03_0141,انا غدا حاسب شراء,سوف اشتري كمبيوتر غدا
03_0142,الان خس ال خ س لوحه بقاله,اليوم نشتري الخس من السوبرماركت
03_0143,انا الان خلط اكل,انا اطبخ الان
03_0144,الان خلط لا,لا اطبخ الان
03_0145,وقت سوال حافله دخول,متى تاتي الحافله
03_0146,وقت رئيس ذهاب وقت سوال,متى ياتي الرئيس
03_0147,رقم بسكوت مال تفاحه مال رقم,كم سعر البسكوت والتفاح
03_0148,زوج هو معرفه لغه اشاره,زوجك يتعلم لغه الاشاره
03_0149,هو صديق هو معرفه لغه اشاره,صديقك يتعلم لغه الاشاره
03_0150,بنت هو قراءه,المراه تقرا
03_0151,ولد قراءه,الولد يقرا
03_0152,صديق كتاب قراءه,صديقي يقرا كتاب
03_0153,ام قراءه كل_يوم السبت,الام تقرا كتاب يوم السبت
03_0154,اخ حب كتاب خوف هو,يحب اخوك قراءه كتاب جديد
03_0155,انا حب شاي,نحن نحب الشاي
03_0156,انا حب بقره اتقان,انا احب الحليب الطازج
03_0157,طفل حب ثلج هو,الطفل يحب الثلج
03_0158,انا حب شوكولاته بقره,انا احب الشوكولاته و الحليب
03_0159,هو حب شوكولاته بسكوت,تحب الشوكولاته او البسكوت
03_0160,سلطه اتقان ممتاز,السلطه الطازجه طعمها جيد
03_0161,موزه تفاحه اتقان ممتاز جيد,طعم الموز والتفاح الطازج جيد
03_0162,انا صديق كتابه,صديقي يكتب
03_0163,ممكن صديق قدره كتابه,يمكن لصديقي ان يكتب
03_0164,لعب هو ممتاز,اللعبه جميله
03_0165,انا بحث تفاحه احمر,انا ابحث عن تفاح احمر
03_0166,هو رغبه قهوه شاي رغبه سوال,هل تريد قهوه او شاي
03_0167,هو بحث قهوه شاي,هل تريد شاي ام قهوه
03_0168,انا بحث تفاحه احمر شوكولاته,انا ابحث عن تفاح احمر و شوكولاته
03_0169,رئيس اتصال,الرئيس على الهاتف
03_0170,استفهام غدا صديق لقاء,هل ستلتقي بصديقك غدا
03_0171,انا غدا صديق لقاء,سالتقي بصديقي غدا
03_0172,هو شرب هو,هو يشرب ماء
03_0173,انا شرب ماضي,شربت الماء امس
03_0174,ولد شخص ماء هو,الولد يشرب الماء
03_0175,نسيان دراجه,نسيت الدراجه
03_0176,انا جميع جوع,نحن جائعون
03_0177,حافله خوف هو,الحافله جديده
03_0178,سوال بيتزا,اين البيتزا
03_0179,نظاره غالي,النظارات غاليه
03_0180,حذاء رخيص,الحذاء رخيص
03_0181,حاسب لاب_توب غالي,الكمبيوتر غالي السعر
03_0182,شوكولاته صحه,الشوكولاته صحيه
03_0183,اب مستشفى منزل سبب حادث,والدي في المستشفى لانه تعرض لحادث
03_0184,استئذان عصير تفاحه,من فضلك اعطني عصير تفاح
03_0185,رغبه صوره قط صغير,ابني يريد تصوير القط الصغير
03_0186,انا خوف ولاده قبل وقت,اخاف من الولاده قبل الاوان
03_0187,انا ام ذهاب مستشفى سبب مرض,ذهبت والدتي الى المستشفى لانها مريضه
03_0188,انا نوم تقلب,اجد صعوبه في النوم
03_0189,ابن زعل سبب كلب موت,ابني حزين لان الكلب مات
03_0190,جد ماضي هو حزن سبب طير موت,جدي حزين لان الطائر مات
03_0191,انا زعل سبب قط موت الان صباح,انا حزين لان قطتي ماتت هذا الصباح
03_0192,انا ذهاب مزرعه شراء بيض موزه انواع,اذهب الى المزرعه لشراء البيض و الموز
03_0193,وجوب استيقاظ وقت سبع كل_يوم,يجب ان استيقظ الساعه السادسه كل يوم
03_0194,انا صديق صم قدره ترجمه اشاره,صديقي اصم لكن يمكنني ان اترجم له
03_0195,استئذان تذكره طياره عطاء,من فضلك اعطني تذكره الرحله
03_0196,ترجمه ذهاب مركز الثلاثاء مستمر,المترجم يذهب الى المعهد كل يوم ثلاثاء
03_0197,انا حفيد رغبه سباحه بحر,احفادي يرغبون السباحه في البحر
03_0198,انا معرفه اخبار ترجمه مشاهده معرفه,انا افهم الاخبار مع الترجمه
03_0199,مشاهده شاشه قليل مشاهده اخبار,نادرا اشاهد الاخبار التلفزيونيه
03_0200,انا غدا وقت اثنان عمل خلاص,ينتهي عملي غدا الساعه الثانيه
03_0201,هو هاتف اتصال شرطه,انت اتصلت بالشرطه
03_0202,رغبه ساعه تخفيض طياره معاق,اريد خصم الرحله للمعاقين
03_0203,انا اسم سياره اسم,اريد نقل ملكيه سيارتي
03_0204,استفهام صدر خوف مسوول سوال سياره اسم,من سيكون المالك الجديد
03_0205,هو وجوب شرب زياده,يجب ان تشرب الكثير من الماء
03_0206,كتاب صباح صيف مكتبه لوحه صباح صيف,المكتب مفتوح في الصباح و الظهر
03_0207,ولد سرق هاتف,سرق شخص ما هاتفي
03_0208,انا ولد هو هاتف اخذ اختفاء,اخذ رجل الهاتف وهرب
03_0209,انت سوال ذهاب جري,الى اين ركض
03_0210,مستمر جري بحر,ركض الى الشاطئ
03_0211,سوال هو ماضي هو,اين كنت
03_0212,هو ماضي كوفي انتظار,كنت في مقهى
03_0213,هو انا بحث هاتف بحث جواب,سوف ابحث عن الهاتف و نبلغك
03_0214,هو رغبه اسبوع اخر راحه سعيد,اتمنى لك عطله نهايه اسبوع سعيده
03_0215,انا رغبه جواز سفر رغبه,اريد الحصول على جواز سفر
03_0216,رغبه شكوى,اريد تقديم شكوى
03_0217,انا رغبه طبيب د,انا بحاجه الى طبيب
03_0218,د يوجد غدا يوجد,الطبيب موجود غدا
03_0219,مشكله سوال,ما المشكله
03_0220,انا لا صحه سيئ,صحتي غير جيده
03_0221,انا استفراغ ثاني اسهال انا,انا اتقيا و اعاني من الاسهال
03_0222,تاريخ سوال اسهال تاريخ فتح,منذ متى تعاني من الاسهال
03_0223,ثلاث قبل,ثلاث ايام
03_0224,هو حمى هو,هل لديك حمى
03_0225,نعم انا دوخه,نعم انا اعاني من دوخه
03_0226,انا ماضي ثلاث اكل سوال,ماذا اكلت قبل ثلاث ايام
03_0227,انا رغبه وقت موعد صوره بطن رغبه,اريد موعدا لاجراء تصوير البطن بالموجات فوق الصوتيه
03_0228,هو تجنب بقره خضار انواع تجنب,تجنب منتجات الالبان و الخضار
03_0229,انا قدره دجاج سمكه,يمكنني اكل الدجاج و السمك
03_0230,تمام اريد اكل رز مكرونه قدره,بالطبع يمكن ان تاكل الرز و المكرونه
03_0231,انا عمل لا_يوجد تامين لا_يوجد,انا عاطل عن العمل و ليس لدي تامين
03_0232,هو دفع مال سوال,اين دفع الرسوم
03_0233,بنك اي_شي,في احد البنوك
03_0234,هو مقابله ملكيه مقابله محادثه,هل تحدثت الى المالك
03_0235,اعاده عوده ثلاث عوده,تعال مره اخرى بعد ثلاث ايام
03_0236,هو عوده مع هو,هل جئتم معا
03_0237,ان_شاء_الله غدا دفع,ان شاء الله ادفع غدا
03_0238,رغبه مستقبل سعيد,اتمنى لك مستقبل سعيد
03_0239,مهم بطاقه هويه اخذ صوره,احتاج الى بطاقه الهويه و صوره ضوئيه
03_0240,ولد سرقه حقيبه_يد,سرق الرجل حقيبتي
03_0241,هو اختبار اخر شهاده,سيتم اختبارك و ستحصل على النتائج
03_0242,هو رخصه رسمي واحد ثلاث,ستكون الرخصه جاهزه في غضون ثلاث اسابيع
03_0243,بطاقه سوال اسابيع ثلاث,سيكون التصريح جاهز في غضون ثلاث اسابيع
03_0244,جواز كتاب اتقان ممكن عشر_ايام,سيكون جواز السفر جاهز في غضون عشر ايام
03_0245,وجوب دفع جواز سفر,يجب عليك دفع رسوم جواز السفر
03_0246,شكر,شكرا
03_0247,شكر مساعده,شكرا لمساعدتك
03_0248,صباح خير,صباح الخير
03_0249,صباح خير طاعه خدمه سوال,صباح الخير كيف يمكنني ان اخدمك
03_0250,صباح خير هو رغبه مساعده,صباح الخير هل تحتاج مساعده
03_0251,ولد صفه سوال,صف الرجل
03_0252,ولد طويل نحيف شعر اصفر قصير,كان الرجل طويل ونحيل وشعره اشقر قصير
03_0253,انا بطن الم,عندي الم في المعده
03_0254,انا جواز تاريخ انتهاء,جواز سفري منتهي الصلاحيه
03_0255,سبب ولد شخص لبس سوال,ماذا كان يرتدي الرجل
03_0256,ولد لبس بنطال احمر حذاء ابيض,الرجل يرتدي بنطال احمر و حذاء ابيض
03_0257,سوال جواز تاريخ انتهاء تاريخ سوال,ماهو تاريخ نهايه صلاحيه الجواز
03_0258,سن خمس,خمس سنوات
03_0259,سوال ضياع حقيبه_يد,كيف فقدت الحقيبه
03_0260,ماضي مرض خطر,اصبت بمرض خطير
03_0261,هاتف هويه ضياع سوال,كيف فقدت هاتفك و هويتك
03_0262,هو بطن ت س م م,لديك تسمم غذائي
03_0263,انا هويه ضياع,فقدت هويتي
03_0264,انا ممتاز اتقان,حالي ممتاز
03_0265,وقت مسافه طياره خارج مسافه تاريخ سوال,ما هي الفتره التي ستقضيها بالسفر الى الخارج
03_0266,تاريخ سرقه تاريخ سوال,متى حدثت السرقه
03_0267,ماضي,منذ زمن
03_0268,تاريخ فتح مرض,متى بدا المرض
03_0269,مرض ماضي صغير مرض,مرضت عندما كنت طفل
03_0270,دعوه انا رغبه مساعده,مرحبا انا بحاجه الى مساعده
03_0271,انا دعوه طاعه مساعده,مرحبا كيف يمكنني المساعده
03_0272,دعوه اخبار حال جيد,مرحبا ما اخبارك
03_0273,ليل خير,مساء الخير
03_0274,مع_السلامه,مع السلامه
03_0275,سوال ازعاج سوال,من يزعجك
03_0276,هو دواء ماضي يوجد,هل تناولت اي ادويه
03_0277,هو يوجد تحويل د,هل لديك تحويا من الطبيب
03_0278,انا نعم د بطن,نعم من طبيب الجهاز الهضمي
03_0279,هو يوجد تامين,هل لديك تامين
03_0280,نعم تامين,نعم لدي تامين
03_0281,هو رخصه سياره هو,هل لديك رخصه سياره
03_0282,هو بطاقه صوره هويه هو,هل عندك بطاقه هويتك
03_0283,ثاني صوره سوال جواز_سفر,و صوره جواز السفر
03_0284,ولاده طفل اتقان,ولد الطفل سليم
03_0285,ولاده ماضي تسع,ولد الطفل قبل الاوان
03_0286,وجوب طلب صوره هويه,يجب عليك احضار صوره من هويتك
03_0287,سوال هو هاتف مشاهده سوال,هل رايت الهاتف
03_0288,طاوله على,على الطاوله
03_0289,استفهام سوال سرقه هاتف هو,من الذي سرق الهاتف
03_0290,هو كتابه تفاصيل حال,اكتب الحدث بالتفصيل
03_0291,هو عضو مع السعوديه قصه,هل انت عضو في الفريق السعودي
03_0292,نعم انا مع السعوديه قصه رمايه صم,نعم انا في الفريق السعودي للرمايه للصم
03_0293,غدا شهاده تقديم,ساحضر الشهاده غدا
03_0294,سوال عمر سن,كم عمرك
03_0295,انا تعليم ولد اخر شهاده,انا ادرس وابني لديه شهاده
03_0296,انا رغبه لا ممتاز,لا احتاج شيء
03_0297,هو قلم يوجد,هل لديك قلم
03_0298,هو كتابه تاريخ الان,اكتب تاريخ اليوم
03_0299,انا رغبه بطاقه سياره,اريد الحصول على رخصه قياده
03_0300,استفهام دواء قدره هو,هل تناولت الدواء
03_0301,انا نوم ليل,انام ليلا
03_0302,انا حب لون ابيض كره لون اسود,احب اللون الابيض واكره اللون الاسود
03_0303,انا رغبه شراء سوق لوحه,اريد ان اشتري اغراض منزلي من السوبرماركت
03_0304,انا اسم ا ح م د,اسمي احمد
03_0305,انا عمل ترجمه لغه اشاره,انا اعمل مترجم لغه اشاره
03_0306,انا قراءه كتاب,انا اقرا الكتاب
03_0307,انا مع اسره مع مشاهده كره_قدم مباراه,انا واسرتي ذهبنا لمشاهده مباراه كره قدم
03_0308,انا رغبه ذهاب مستشفى سبب ابن مرض,اريد الذهاب للمستشفى بسبب ابني مريض
03_0309,انا اب بيع تصوير,ابي باع الكاميرا
03_0310,اب انا لون حب لون ازرق ام لون حب سوال وردي,ابي يحب اللون الازرق وامي تحب اللون الوردي
03_0311,انا حب اب,احب ابي
03_0312,انا حب بنت اخ,احب اختي
03_0313,انا حب صلاه,احب صلاه
03_0314,انا حب اكل,احب الطعام
03_0315,انا حب صديق,احب زميلي
03_0316,انا اخ بنت جميل,اختي جميله
03_0317,انا اخ زواج الثلاثاء قادم,اخي سيتزوج يوم الثلاثاء القادم
03_0318,حقيبه_ظهر حقيبه_يد خفيف,الحقيبه خفيفه
03_0319,انا اخ سياره سرعه,اخي يقود السياره بسرعه
03_0320,انا مساعده ام منزل,اساعد امي في المنزل
03_0321,انا مساعده فقير,اساعد الفقراء
03_0322,انا صديق مدرسه مع ثلاث بنت ولد خمس,اصدقائي في المدرسه ثلاث بنات و خمس اولاد
03_0323,انا معرفه لغه اشاره,انا اتعلم لغه الاشاره
03_0324,انا وضوء صلاه,انا اتوضا للصلاه
03_0325,انا حب كره_قدم صيد سمكه,انا احب كره القدم وصيد السمك
03_0326,انا طاعه سوال معلم,انا احترم المعلم
03_0327,انا زياره اقارب مستمر,انا ازور اقاربي دائما
03_0328,انا عمل معلم مدرسه,انا اعمل معلم مدرسه
03_0329,انا نار خلط صباح اكل,انا اجهز الفطور
03_0330,انا حفظ مدرسه قراءه,انا احفظ الدرس
03_0331,انا مدرسه جامعه,انا ادرس في الجامعه
03_0332,انا معرفه قراءه مدرسه,انا اذاكر دروسي
03_0333,انا ذهاب مدرسه,انا اذهب للمدرسه
03_0334,انا مشي منزل,انا اذهب للمنزل
03_0335,انا فوضى ترتيب غرفه نوم,انا ارتب غرفتي
03_0336,انا طاعه معلم بنت,انا استمع للمعلمه
03_0337,انا ذهاب مع اب صلاه الجمعه,انا ذاهب مع والدي الي صلاه الجمعه
03_0338,انا زوج مع كل_يوم مشي,انا وزوجتي نمشي يوميا
03_0339,اب نوم سرير,ابي ينام على السرير
03_0340,الاسبوع_الماضي جد موت رحمه الله,الاسبوع الماضي جدي مات رحمه الله
03_0341,الاسبوع_الماضي صديق جد موت,الاسبوع الماضي صديقي جده مات
03_0342,الجمعه السبت اجازه,الجمعه و السبت عطله
03_0343,شرطه قال ممنوع انتظار,الشرطي قال ممنوع الانتظار
03_0344,صيف نهايه ذهاب برد,الصيف انتهى و جاء الشتاء
03_0345,غني مساعده فقير,الغني يساعد الفقير
03_0346,ولد ذهاب مدرسه ابتسامه,الولد يخرج من المدرسه سعيد
03_0347,ولد دخل مدرسه خوف,الولد يدخل المدرسه خائف
03_0348,هو ابن بنت اول عمر سن سوال اسم سوال,ابنتك الاولى كم عمرها و ما اسمها
03_0349,رقم عمر ابن ولد,كم عمر ابنك
03_0350,اب هو اسم سوال,ابوك ما اسمه
03_0351,ام اب صم,ابي و امي من الصم
03_0352,انا اخ موزه اكل صباح,اخي ياكل الموز صباحا
03_0353,استيقاظ وقت ست صباح,استيقظ الساعه السادسه فجرا
03_0354,اسف فهم كلام لا انا,اسف لا افهم ما تقول
03_0355,انا اسم م ر ا د,اسمي مراد
03_0356,انا تنظيف_اسنان,اغسل اسناني
03_0357,غسل_وجه,اغسل وجهي
03_0358,غسل_يد,اغسل يدي
03_0359,بحر لون ازرق,البحر ازرق
03_0360,عضل رياضه فائده صحه,البروتين مفيد للجسم
03_0361,منزل جدار لون ابيض,الجدار ابيض
03_0362,مدرسه سهل,الدرس سهل
03_0363,مدرسه مشاهده فائده,الدرس مفيد
03_0364,ولد شخص صعود جبل,الرجل يصعد الجبل
03_0365,السبت ماضي انا تعب,السبت الماضي كنت متعب
03_0366,السلام_عليكم,السلام عليكم
03_0367,ولد بناء منزل جميل,الشاب يبني بيت جميل
03_0368,شباب شخص رغبه سباحه,الشاب يحب السباحه
03_0369,صلاه حلو,الصلاه جميله
03_0370,د مساعده انسان,الطبيب يساعد الناس
03_0371,اكل فائده مستشفى,الطعام صحي
03_0372,قلم لون ازرق,القلم ازرق
03_0373,لون قلم انا خاص,القلم هذا لي
03_0374,مدرسه جميل,الكتاب رائع
03_0375,ترجمه سريع ذكي,المترجم سريع وذكي
03_0376,نوم فندق ممتاز سعيد,النوم بالفندق مريح
03_0377,ولد هو كتابه,الولد يكتب الدرس
03_0378,ولد شخص لعب,الولد يلعب
03_0379,مع_السلامه,الى اللقاء
03_0380,ام نداء انا اخ,امي تنادي اخي
03_0381,انا فهم لغه اشاره قليل,انا افهم لغه الاشاره قليلا
03_0382,انا كره طفل بكاء,انا اكره بكاء الطفل
03_0383,انا سعيد سبب مشاهده,انا سعيد برويتك
03_0384,انا عمر اثنان_ثلاثون سن,انا عمري ٣٢ سنه
03_0385,هو حب قهوه كوفي,انت تحب القهوه
03_0386,هو شخص ذكي,انت شخص ذكي
03_0387,هو سوال منزل موقع سوال,ما هو عنوان منزلك
03_0388,انا جد ماضي شراء مزرعه,جدي اشترى مزرعه
03_0389,جد ماضي حب شاي اب انا حب قهوه,جدي يحب الشاي و ابي يحب القهوه
03_0390,مدرسه قصه يوجد طاوله هو,كتاب القصه على الطاوله
03_0391,استفهام سوال ابن جيد,كيف حال ابنك
03_0392,استفهام سوال شخص هو اسره جيد,كيف حال اسرتك
03_0393,انا زوج لا_يوجد,انا لست متزوج
03_0394,مع ذهاب,نذهب معا
03_0395,استفهام هو اسم سوال,ما هو اسمك
03_0396,هو عمل سوال,ماذا تعمل
03_0397,انا صم,انا اصم
03_0398,استفهام هو صم,هل انت اصم
03_0399,استفهام هو زوج,هل انت متزوج
03_0400,كل_يوم صباح مشي وقت اثنان,يوميا في الصباح امشي لمده ساعتين
03_0401,انا رغبه اكل مكرونه,اريد ان اكل المكرونه
03_0402,انا رغبه شراء بيض رز,اريد شراء البيض و الرز
03_0403,انا رغبه ذهاب بحر,اريد ان اذهب الى البحر
03_0404,هو بنت شخص حذاء اسود فستان لون وردي,البنت ترتدي حذاء اسود و فستان وردي
03_0405,صيف ذهاب صيد سمكه,في الصيف اذهب لصيد السمك
03_0406,انا اخ حب لون احمر,اخي يحب اللون الاحمر
03_0407,سرير خفيف سعيد,السرير مريح
03_0408,كلب خلف منزل,الكلب خلف الحائط
03_0409,انا سن الم سن,عندي الم في اسناني
03_0410,انا حفيد مع ذهاب قهوه كوفي,انا و احفادي ذهبنا الى المقهى
03_0411,انا اسف,انا اسف
03_0412,فندق داخل برد,الفندق بارد
03_0413,انا ابن ت س م م بطن,ابني يعاني من تسمم غذائي
03_0414,انا حب لا ال ب ق و ل ي ا ت,لا احب البقوليات
03_0415,انا معرفه سبب اختبار,انا اذاكر للاختبار
03_0416,انا وضوء قبل نوم,انا اتوضا قبل النوم
03_0417,ام نار خلط غرفه خلط,امي تطبخ الفطور في المطبخ
03_0418,طفل لعب بحر قريب,الطفل يلعب على الشاطى
03_0419,انا حب برد,احب البرد
03_0420,انا حب تفاحه موزه انواع صيف,احب اكل الفاكهه في الصيف
03_0421,انا لقاء اقارب مباراه,التقي باقاربي في المباراه
03_0422,سوال موقع بيع,اين المتجر
03_0423,انا ابن بنت بطن,ابنتي تعاني من الم في المعده
03_0424,انا اخ رغبه لا ال خ س,اختي لا تحب الخس
03_0425,دجاج طير في ب ر و ت ي ن,الدجاج فيه بروتين
03_0426,انا اخ مع ارنب قصه رمايه,اخي في فريق الرمايه
03_0427,انتظار اخ بنت جامعه,انتظر اختي في الجامعه
03_0428,شخص خدمه نحيف ركض سرعه,النادل نحيل وسريع
03_0429,طفل بكاء صراخ ازعاج,بكاء الطفل مزعج
03_0430,اخ بنت جديله لون اصفر,شعر اختي طويل ولونه اشقر
03_0431,ذاكره نسيان تذكره طياره,لقد نسيت تذكره الطياره
03_0432,لا طاوله كرسي لا,لا تجلس على الطاوله
03_0433,رغبه وقت اتقان د هضمي,اريد موعد مع طبيب الجهاز الهضمي
03_0434,ولد هو اختفاء شرطه,هرب الرجل من الشرطه
03_0435,انا غسل_وجه صباح,اغسل وجهي في الصباح
03_0436,انا شراء انا اخ شراء دراجه_ناريه,اشترى اخي دراجه ناريه
03_0437,انا منزل مدرسه اخر نهايه,انتهيت من واجباتي المدرسيه
03_0438,حقيبه_يد حقيبه_ظهر حقيبه_يد خفيف لا,الحقيبه ليست خفيفه
03_0439,كلب جبل صعود,الكلب يصعد الجبل
03_0440,ولد كتابه جدار كتابه,الولد يكتب على الجدار
03_0441,انا الثلاثاء شراء تصوير,ساشتري كاميرا يوم الثلاثاء
03_0442,ممنوع كرسي لا_2,ممنوع الجلوس
03_0443,سوال مال سوال صوره اسود بطن,كم سعر تصوير الموجات فوق الصوتيه للبطن
03_0444,استفهام لوحه الثلاثاء مفتوح هو,هل المحل مفتوح يوم الثلاثاء
03_0445,هو ثلج قليل هنا,الثلج نادر هنا
03_0446,هو تاريخ وقت ولاده,متى موعد الولاده
03_0447,انا حضور تاريخ وقت محدد تاخير,حضرت للموعد متاخر
03_0448,انا رغبه شكوى سبب ازعاج,اريد تقديم شكوى بسبب الازعاج
03_0449,انا اخ رغبه طياره تخفيض,ابي يريد بدل اعاقه
03_0450,انا رغبه كلمه منزل نقل,اريد نقل ملكيه المنزل
03_0451,هو ملكيه منزل خوف انا,هو مالك المنزل الجديد
03_0452,انا جد رغبه حب سوال اخبار تلفاز,جدي يحب مشاهده الاخبار التلفزيونيه
03_0453,انا اخ بناء سوال جبل,اخي يبني بيت فوق الجبل
03_0454,رياضه فائده صحه,الرياضه مفيده للصحه
03_0455,انا مشاهده هويه نظر سوال الاربعاء,لقد وجدت هويتي يوم الاربعاء
03_0456,استفهام بطاقه يوجد,هل لديك رخصه
03_0457,ممنوع اكل بقره جبن انواع,ممنوع ان اكل منتجات الالبان
03_0458,انا جد جيد غني,جدي جيد وغني
03_0459,تقديم فقير اكل,اعطي الفقير اكل
03_0460,استفهام حب بقره او عصير,هل تحب الحليب ام العصير
03_0461,انا غرفه لون وردي,غرفتي لونها وردي
03_0462,موقع منزل سوال,ما هو عنوانك
03_0463,انا ضياع كتاب قصه,فقدت كتاب القصه
03_0464,اتصال زوج,اتصلت بزوجي
03_0465,هو طير دخل سرير تحت,الطائر تحت السرير
03_0466,انا طاعه جد,انا احترم جدي
03_0467,الان تاريخ اثنان عشر,اليوم هو الثاني من اكتوبر
03_0468,انا غدا منزل ترتيب تنظيف,انا ارتب المنزل يوميا
03_0469,استئذان غدا عوده,من قضلك تعال غدا
03_0470,انا رغبه دوره_مياه,اريد ان اذهب الى الحمام
03_0471,زوج هو شراء كل_يوم الجمعه منزل اعطاء,زوجي يشتري اغراض المنزل يوم الجمعه
03_0472,رغبه لا انتظار,اكره الانتظار
03_0473,مال دفع بطاقه سياره مال رخيص,رسوم رخصه القياده رخيصه
03_0474,انا رغبه صوره_شخصيه اربع,انا اريد اربع صور ضوئيه
03_0475,انا اخ عمل بدون,اخي عاطل عن العمل
03_0476,عمر ام انا اثنان_ثلاثون سن,عمر امي اثنان و ثلاثون سنه
03_0477,هو استفهام هو ولد شخص صفه سرقه سوال,صف الرجل الذي سرق
03_0478,هو ولد ولاده اتقان صباح,ولد الطفل سليم في الصباح
03_0479,مشاهده صعب تقلب سبب ازعاج صراخ,اجد صعوبه في النوم بسبب الازعاج
03_0480,انا اخ بنت زواج تاريخ السبت قادم,اختي ستتزوج يوم السبت القادم
03_0481,انا مشاهده معرفه مدرسه,انا استمع للدرس
03_0482,انا حفظ مدرسه داخل مدرسه,انا احفظ الدرس في المدرسه
03_0483,انا ام عمل داخل منزل داخل,امي تعمل في البيت
03_0484,انا رغبه تحويل د بطن,اريد تحويل من طبيب الجهاز الهضمي
03_0485,تاريخ سوال د عوده تاريخ سوال,متى سيعود الطبيب الى المستشفى
03_0486,انا ابن بنت عمر اربع_سنوات,ابنتي عمرها اربع سنوات
03_0487,انا سياره حافله,انا اقود الحافله
03_0488,انا زياره هو جد اسبوع مستمر,ازور جدي كل اسبوع
03_0489,انا سعيد سبب صيف اغلاق,انا سعيد بعطله الصيف
03_0490,انا لبس بنطال لون ازرق,انا البس بنطلون جينز ازرق
03_0491,انا استفراغ دوخه حمى الان,انا اتقيا واعاني من دوخه وحمى الان
03_0492,انا ذهاب فيلم سينما وقت اثنان ليل,انا اذهب الى السينما الساعه الثانيه مساء
03_0493,انا اخ عضو مع السعوديه قصه كره_قدم,اخي عضو في الفريق السعودي لكره القدم
03_0494,بيع جد بيع مزرعه,باع جدي المزرعه
03_0495,معلم بنت نداء اخ بنت,المعلمه تنادي اختي
03_0496,دراجه_ناريه هو خطر,الدراجه الناريه خطيره
03_0497,سوال اخر شهاده سوال,ما هي نتائج الاختبار
03_0498,انا غسل_يد قبل اكل,اغسل يدي قبل الاكل
03_0499,بنت هو لبس لون ابيض,المراه ترتدي لبس ابيض
03_0500,استفهام نسخ بطاقه هو,هل لديك نسخه من التصريح
04_0001,سوال هو,من هو
04_0002,هو معلم لغه اشاره,هو مدرس لغه اشاره
04_0003,استفهام هو معلم هو,هل انت مدرس
04_0004,هو معلم لا انا مدرسه,انت لست مدرس انا طالب
04_0005,هو سوال,هو من
04_0006,هو صديق مدرسه,هو زميلي في المدرسه
04_0007,استفهام هو صديق مدرسه,هل هو زميلك في المدرسه
04_0008,انا اسره رقم ثلاث اشخاص,اسرتي تتكون من ثلاث اشخاص
04_0009,رقم عمر ابن بنت,كم عمر ابنتك
04_0010,عمر اربع سن عمر,عمرها اربع سنوات
04_0011,عمر سن خمسون سن,عمره خمسين سنه
04_0012,سوال بنت ابن,اين ابنته
04_0013,عمر ابن خمسون سن,عمر ابنه خمسين سنه
04_0014,معرفه هو لغه اشاره,هو يعرف لغه الاشاره
04_0015,معرفه لغه اشاره,اعرف لغه الاشاره
04_0016,هو معرفه ام لغه اشاره,هل تعرف والدتك لغه الاشاره
04_0017,لا معرفه لغه اشاره,لا تعلم لغه الاشاره
04_0018,ممكن هو قدره كتابه اسم هو,ممكن تكتب اسمك
04_0019,انا كتابه,انا اكتب
04_0020,استفهام تاريخ الان سوال,ما هو تاريخ اليوم
04_0021,الان واحد شهر عشر,اليوم هو واحد اكتوبر
04_0022,انا ذهاب مدرسه سبب كره_قدم,انا اذهب الى المدرسه لالعب كره القدم
04_0023,انا قلب قدره,انوي القيام به
04_0024,هو رغبه شرب سوال,ماذا تريد ان تشرب
04_0025,انا رغبه شرب شاي,انا اريد ان اشرب الشاي
04_0026,هو رغبه اكل سوال,ماذا تريد ان تاكل
04_0027,انا رغبه اكل رز,اريد ان اكل رز
04_0028,انا رغبه ذهاب مكتبه بعد صيف,اريد ان اذهب الى المكتبه بعد الظهر
04_0029,هو رغبه بعد صيف سوال,ماذا تريد ان تفعل بعد الظهر
04_0030,انا رغبه ذهاب لوحه بقاله,اريد ان اذهب الى السوبرماركت بعد الظهر
04_0031,سبب رغبه شراء,ماذا تريد ان تشتري
04_0032,انا رغبه كوب شراء,اريد شراء كوب
04_0033,انا رغبه معرفه لغه اشاره,اريد ان اتعلم لغه الاشاره
04_0034,انا رغبه ذهاب مدرسه سبب قراءه غدا,اريد ان اذهب الى المدرسه لقراءه الكتب غدا
04_0035,رقم معلم مدرسه هو,كم عدد المدرسين في مدرستك
04_0036,رقم اشخاص مدرسه هو مدرسه,كم عدد الاشخاص في مدرستك
04_0037,سوال قط,اين القطه
04_0038,قط صغير تحت طاوله,القط الصغير تحت الطاوله
04_0039,اب هو منزل يوجد,والدك في المنزل
04_0040,لا منزل لا_يوجد,ليس في المنزل
04_0041,سوال اب,اين والدك
04_0042,اب مستشفى يوجد,والدي في المستشفى
04_0043,سوال عمل,اين يعمل
04_0044,صديق انا مدرسه,صديقي في المدرسه
04_0045,انا ام منزل,امي في المنزل
04_0046,سوال كوب شرب,اين الكوب
04_0047,سوال صديق هو,اين اصدقائك
04_0048,قراءه سوال مكان مدرسه,القراءه في المدرسه
04_0049,طاوله هو سوال,ماذا يوجد على الطاوله
04_0050,طاوله كتاب لاب_توب يوجد,هناك كتب و كمبيوترعلى الطاوله
04_0051,هو اسم هو,ما اسمه
04_0052,اسم هو ولد خلف,ما اسم ذلك الرجل في الخلف
04_0053,استئذان انا كرسي الان,ممكن اجلس على الكرسي
04_0054,استئذان دعوه كرسي,من فضلك اجلس
04_0055,سوال كرسي يوجد سوال,ماذا يوجد على الكرسي
04_0056,كرسي قط صغير فوق_كرسي,هناك قط صغير على الكرسي
04_0057,يوجد مدرسه يوجد بيع,يوجد متجر في المدرسه
04_0058,رقم وقت الان,كم الوقت الان
04_0059,وقت سوال عشر,الساعه العاشره
04_0060,وقت هو صيف اكل وقت سوال,متى تاكل في الظهر
04_0061,تاريخ وقت اب انا منزل اخر تاريخ,متى سيعود ابي الى المنزل
04_0062,وقت خمس ليل,الوقت الخامسه مساء
04_0063,هو تاريخ ذهاب سينما فيلم تاريخ,متى نذهب الى السينما
04_0064,هو الان مطر,يوجد مطر الان
04_0065,لا مطر الان لا,لا يوجد مطر الان
04_0066,لا برد الان,لا يوجد برد الان
04_0067,سوال صحه هو,كيف حالك
04_0068,شكر د,شكرا دكتور
04_0069,هو مطر غدا,هل ستمطر غدا
04_0070,لا غدا مطر لا,لن تمطر غدا
04_0071,هو عمل سوال,ماذا تعمل
04_0072,انا شعر قراءه,انا اقرا
04_0073,انا شراء تفاحه موزه انواع,انا اشتريت فواكه
04_0074,انا سعيد مقابله,انا سعيد بلقائك
04_0075,هو رغبه رياضه سوال قلب رغبه سوال,ما هي الرياضه التي تحبها
04_0076,انا حب كره_قدم كثير حب,احب لعب كره القدم كثيرا
04_0077,سوال هو شراء تفاحه,هل اشتريت التفاح
04_0078,انا شراء تفاحه لا_يوجد,انا لم اشتري التفاح
04_0079,هو لبس جيد حلو,لبسه جميل
04_0080,جو برد قليل,الجو بارد قليلا
04_0081,انا الان ماضي تعب,كنت متعب قليلا امس
04_0082,هو مشاهده هاتف مشاهده,هل رايت هاتفي
04_0083,هو صديق انا,هو صديقي
04_0084,سوال عمر اخ هو,كم هو عمر اخيك
04_0085,انا استيقاظ وقت خمس صباح كل_يوم,استيقظ في الخامسه كل صباح
04_0086,نهايه كتابه منزل نهايه,انتهيت من واجباتي
04_0087,انا خلط اكل خلط كل_يوم ليل,اطبخ كل ليله
04_0088,انا خوف,انا خائف
04_0089,سبب خوف,لماذا انت خائف
04_0090,دعوه مع دعوه اكل ليل دعوه الان ليل,لنتناول العشاء معا الليله
04_0091,سوال كرسي حمام,اين الحمام
04_0092,انا رغبه شرب بقره,اريد ان اشرب الحليب
04_0093,اعاده عوده مدرسه حافله,نعود الى المدرسه بالحافله
04_0094,هو اكل صباح اكل هو,هل اكلت الفطور
04_0095,انا اب خلط اكل نارغرفه,ابي يعد العشاء في المطبخ
04_0096,مكتبه مدرسه جميل,مكتبه المدرسه جميله
04_0097,لا حب اكل موز,لا احل اكل الموز
04_0098,كتاب جواز تذكره طياره حقيبه_يد يوجد,جواز سفري و تذكره الطياره في الحقيبه
04_0099,انا اب حادث,تعرض ابي لحادث
04_0100,انا اكل ليل وقت تسع,انا اكل العشاء الساعه التاسعه
04_0101,انا زوج عمل كثير,زوجي يعمل كثيرا
04_0102,زوج عمل سوال اكل لوحه,زوجي يعمل في المطعم
04_0103,هو طفل رغبه لعب انواع كثير,يريد الطفل العاب متنوعه
04_0104,رغبه حذاء خوف,اريد حذاء جديد
04_0105,انا رغبه تلفاز حاسب خوف,اريد كمبيوتر جديد
04_0106,هو رغبه دراجه,اريد دراجه
04_0107,زهره مطر رغبه,الزهور تحتاج المطر
04_0108,استفهام هو جوع اكل هو,هل انت جائع
04_0109,هو يوجد سلطه اتقان,هل لديك سلطه طازجه
04_0110,استفهام هو تفاحه اتقان,هل لديك تفاح طازج
04_0111,اخ جوع,اخي جائع
04_0112,هو ام جوع,والدتك جائعه
04_0113,الان تفاحه موزه يوجد لوحه,يوجد اليوم تفاح و موز في السوبرماركت
04_0114,هو مساعده,هل تساعدني
04_0115,شرطه استفهام منزل ام سوال,يسالني الشرطي عن مكان والدتي
04_0116,تاريخ زوج هو ذهاب سينما,متى سيذهب زوجك للسينما
04_0117,معلم ذهاب مركز صم يوم الاربعاء,يذهب المعلم الى مركز الصم يوم الاربعاء
04_0118,شخص صم ذهاب مركز صم,يذهب الاصم الى مركز الصم
04_0119,انا بيتزا سوال لوحه اكل,انا اكل البيتزا في المطعم
04_0120,هو رغبه حب اكل شوكولاته بسكوت حب هو,تحب ان تاكل البسكوت و الشوكولاته
04_0121,انا سياره ركوب ذهاب لوحه بقاله شوكولاته,انا اقود الى السوبرماركت
04_0122,بنت دراجه,البنت تركب دراجه
04_0123,انا صديق دراجه ماضي,ركب صديقي دراجه امس
04_0124,شرطه دراجه_ناريه,يركب الشرطي دراجه ناريه
04_0125,ولد صم هو سياره قدره,الرجل الاصم يقود سياره
04_0126,مدرسه شخص سياره ذهاب وصل مركز سياره,ياتي الطالب الى المعهد بالسياره
04_0127,استفهام الحذاء مشاهده سوال,هل رايت الحذاء
04_0128,هو قدره مشاهده نظاره,هل رايت النظارات
04_0129,لاب_توب حاسب مشاهده لاب_توب,هل رايت الكمبيوتر
04_0130,انا ذهاب سينما الان ليل,انا ذاهب الى السينما الليله
04_0131,اخ ذهاب اكل لوحه,ذهب اخي الى المطعم
04_0132,انا ذهاب لوحه شوكولاته بقاله انواع شراء,انا ذاهب الى السوبرماركت
04_0133,زوج ذهاب لوحه بقاله,يذهب الزوج الى السوبرماركت
04_0134,دعوه نداء اكل رغبه تعداد,اطلب من النادل
04_0135,الان برد ليل برد,الجو بارد الليله
04_0136,الان برد ماضي مركز صم,شعرت بالبرد في مركز الصم امس
04_0137,انا شعور برد حافله داخل ليل الان,انا اشعر بالبرد في الحافله الليله
04_0138,شراء شاي شرب رغبه هو,هل تريد شراء الشاي
04_0139,انا شراء شوكولاته,انا اشتري الشوكولاته
04_0140,ولد شخص شراء ماء,الولد يشتري الماء
04_0141,انا غدا حاسب شراء,سوف اشتري كمبيوتر غدا
04_0142,الان خس ال خ س لوحه بقاله,اليوم نشتري الخس من السوبرماركت
04_0143,انا الان خلط اكل,انا اطبخ الان
04_0144,الان خلط لا,لا اطبخ الان
04_0145,وقت سوال حافله دخول,متى تاتي الحافله
04_0146,وقت رئيس ذهاب وقت سوال,متى ياتي الرئيس
04_0147,رقم بسكوت مال تفاحه مال رقم,كم سعر البسكوت والتفاح
04_0148,زوج هو معرفه لغه اشاره,زوجك يتعلم لغه الاشاره
04_0149,هو صديق هو معرفه لغه اشاره,صديقك يتعلم لغه الاشاره
04_0150,بنت هو قراءه,المراه تقرا
04_0151,ولد قراءه,الولد يقرا
04_0152,صديق كتاب قراءه,صديقي يقرا كتاب
04_0153,ام قراءه كل_يوم السبت,الام تقرا كتاب يوم السبت
04_0154,اخ حب كتاب خوف هو,يحب اخوك قراءه كتاب جديد
04_0155,انا حب شاي,نحن نحب الشاي
04_0156,انا حب بقره اتقان,انا احب الحليب الطازج
04_0157,طفل حب ثلج هو,الطفل يحب الثلج
04_0158,انا حب شوكولاته بقره,انا احب الشوكولاته و الحليب
04_0159,هو حب شوكولاته بسكوت,تحب الشوكولاته او البسكوت
04_0160,سلطه اتقان ممتاز,السلطه الطازجه طعمها جيد
04_0161,موزه تفاحه اتقان ممتاز جيد,طعم الموز والتفاح الطازج جيد
04_0162,انا صديق كتابه,صديقي يكتب
04_0163,ممكن صديق قدره كتابه,يمكن لصديقي ان يكتب
04_0164,لعب هو ممتاز,اللعبه جميله
04_0165,انا بحث تفاحه احمر,انا ابحث عن تفاح احمر
04_0166,هو رغبه قهوه شاي رغبه سوال,هل تريد قهوه او شاي
04_0167,هو بحث قهوه شاي,هل تريد شاي ام قهوه
04_0168,انا بحث تفاحه احمر شوكولاته,انا ابحث عن تفاح احمر و شوكولاته
04_0169,رئيس اتصال,الرئيس على الهاتف
04_0170,استفهام غدا صديق لقاء,هل ستلتقي بصديقك غدا
04_0171,انا غدا صديق لقاء,سالتقي بصديقي غدا
04_0172,هو شرب هو,هو يشرب ماء
04_0173,انا شرب ماضي,شربت الماء امس
04_0174,ولد شخص ماء هو,الولد يشرب الماء
04_0175,نسيان دراجه,نسيت الدراجه
04_0176,انا جميع جوع,نحن جائعون
04_0177,حافله خوف هو,الحافله جديده
04_0178,سوال بيتزا,اين البيتزا
04_0179,نظاره غالي,النظارات غاليه
04_0180,حذاء رخيص,الحذاء رخيص
04_0181,حاسب لاب_توب غالي,الكمبيوتر غالي السعر
04_0182,شوكولاته صحه,الشوكولاته صحيه
04_0183,اب مستشفى منزل سبب حادث,والدي في المستشفى لانه تعرض لحادث
04_0184,استئذان عصير تفاحه,من فضلك اعطني عصير تفاح
04_0185,رغبه صوره قط صغير,ابني يريد تصوير القط الصغير
04_0186,انا خوف ولاده قبل وقت,اخاف من الولاده قبل الاوان
04_0187,انا ام ذهاب مستشفى سبب مرض,ذهبت والدتي الى المستشفى لانها مريضه
04_0188,انا نوم تقلب,اجد صعوبه في النوم
04_0189,ابن زعل سبب كلب موت,ابني حزين لان الكلب مات
04_0190,جد ماضي هو حزن سبب طير موت,جدي حزين لان الطائر مات
04_0191,انا زعل سبب قط موت الان صباح,انا حزين لان قطتي ماتت هذا الصباح
04_0192,انا ذهاب مزرعه شراء بيض موزه انواع,اذهب الى المزرعه لشراء البيض و الموز
04_0193,وجوب استيقاظ وقت سبع كل_يوم,يجب ان استيقظ الساعه السادسه كل يوم
04_0194,انا صديق صم قدره ترجمه اشاره,صديقي اصم لكن يمكنني ان اترجم له
04_0195,استئذان تذكره طياره عطاء,من فضلك اعطني تذكره الرحله
04_0196,ترجمه ذهاب مركز الثلاثاء مستمر,المترجم يذهب الى المعهد كل يوم ثلاثاء
04_0197,انا حفيد رغبه سباحه بحر,احفادي يرغبون السباحه في البحر
04_0198,انا معرفه اخبار ترجمه مشاهده معرفه,انا افهم الاخبار مع الترجمه
04_0199,مشاهده شاشه قليل مشاهده اخبار,نادرا اشاهد الاخبار التلفزيونيه
04_0200,انا غدا وقت اثنان عمل خلاص,ينتهي عملي غدا الساعه الثانيه
04_0201,هو هاتف اتصال شرطه,انت اتصلت بالشرطه
04_0202,رغبه ساعه تخفيض طياره معاق,اريد خصم الرحله للمعاقين
04_0203,انا اسم سياره اسم,اريد نقل ملكيه سيارتي
04_0204,استفهام صدر خوف مسوول سوال سياره اسم,من سيكون المالك الجديد
04_0205,هو وجوب شرب زياده,يجب ان تشرب الكثير من الماء
04_0206,كتاب صباح صيف مكتبه لوحه صباح صيف,المكتب مفتوح في الصباح و الظهر
04_0207,ولد سرق هاتف,سرق شخص ما هاتفي
04_0208,انا ولد هو هاتف اخذ اختفاء,اخذ رجل الهاتف وهرب
04_0209,انت سوال ذهاب جري,الى اين ركض
04_0210,مستمر جري بحر,ركض الى الشاطئ
04_0211,سوال هو ماضي هو,اين كنت
04_0212,هو ماضي كوفي انتظار,كنت في مقهى
04_0213,هو انا بحث هاتف بحث جواب,سوف ابحث عن الهاتف و نبلغك
04_0214,هو رغبه اسبوع اخر راحه سعيد,اتمنى لك عطله نهايه اسبوع سعيده
04_0215,انا رغبه جواز سفر رغبه,اريد الحصول على جواز سفر
04_0216,رغبه شكوى,اريد تقديم شكوى
04_0217,انا رغبه طبيب د,انا بحاجه الى طبيب
04_0218,د يوجد غدا يوجد,الطبيب موجود غدا
04_0219,مشكله سوال,ما المشكله
04_0220,انا لا صحه سيئ,صحتي غير جيده
04_0221,انا استفراغ ثاني اسهال انا,انا اتقيا و اعاني من الاسهال
04_0222,تاريخ سوال اسهال تاريخ فتح,منذ متى تعاني من الاسهال
04_0223,ثلاث قبل,ثلاث ايام
04_0224,هو حمى هو,هل لديك حمى
04_0225,نعم انا دوخه,نعم انا اعاني من دوخه
04_0226,انا ماضي ثلاث اكل سوال,ماذا اكلت قبل ثلاث ايام
04_0227,انا رغبه وقت موعد صوره بطن رغبه,اريد موعدا لاجراء تصوير البطن بالموجات فوق الصوتيه
04_0228,هو تجنب بقره خضار انواع تجنب,تجنب منتجات الالبان و الخضار
04_0229,انا قدره دجاج سمكه,يمكنني اكل الدجاج و السمك
04_0230,تمام اريد اكل رز مكرونه قدره,بالطبع يمكن ان تاكل الرز و المكرونه
04_0231,انا عمل لا_يوجد تامين لا_يوجد,انا عاطل عن العمل و ليس لدي تامين
04_0232,هو دفع مال سوال,اين دفع الرسوم
04_0233,بنك اي_شي,في احد البنوك
04_0234,هو مقابله ملكيه مقابله محادثه,هل تحدثت الى المالك
04_0235,اعاده عوده ثلاث عوده,تعال مره اخرى بعد ثلاث ايام
04_0236,هو عوده مع هو,هل جئتم معا
04_0237,ان_شاء_الله غدا دفع,ان شاء الله ادفع غدا
04_0238,رغبه مستقبل سعيد,اتمنى لك مستقبل سعيد
04_0239,مهم بطاقه هويه اخذ صوره,احتاج الى بطاقه الهويه و صوره ضوئيه
04_0240,ولد سرقه حقيبه_يد,سرق الرجل حقيبتي
04_0241,هو اختبار اخر شهاده,سيتم اختبارك و ستحصل على النتائج
04_0242,هو رخصه رسمي واحد ثلاث,ستكون الرخصه جاهزه في غضون ثلاث اسابيع
04_0243,بطاقه سوال اسابيع ثلاث,سيكون التصريح جاهز في غضون ثلاث اسابيع
04_0244,جواز كتاب اتقان ممكن عشر_ايام,سيكون جواز السفر جاهز في غضون عشر ايام
04_0245,وجوب دفع جواز سفر,يجب عليك دفع رسوم جواز السفر
04_0246,شكر,شكرا
04_0247,شكر مساعده,شكرا لمساعدتك
04_0248,صباح خير,صباح الخير
04_0249,صباح خير طاعه خدمه سوال,صباح الخير كيف يمكنني ان اخدمك
04_0250,صباح خير هو رغبه مساعده,صباح الخير هل تحتاج مساعده
04_0251,ولد صفه سوال,صف الرجل
04_0252,ولد طويل نحيف شعر اصفر قصير,كان الرجل طويل ونحيل وشعره اشقر قصير
04_0253,انا بطن الم,عندي الم في المعده
04_0254,انا جواز تاريخ انتهاء,جواز سفري منتهي الصلاحيه
04_0255,سبب ولد شخص لبس سوال,ماذا كان يرتدي الرجل
04_0256,ولد لبس بنطال احمر حذاء ابيض,الرجل يرتدي بنطال احمر و حذاء ابيض
04_0257,سوال جواز تاريخ انتهاء تاريخ سوال,ماهو تاريخ نهايه صلاحيه الجواز
04_0258,سن خمس,خمس سنوات
04_0259,سوال ضياع حقيبه_يد,كيف فقدت الحقيبه
04_0260,ماضي مرض خطر,اصبت بمرض خطير
04_0261,هاتف هويه ضياع سوال,كيف فقدت هاتفك و هويتك
04_0262,هو بطن ت س م م,لديك تسمم غذائي
04_0263,انا هويه ضياع,فقدت هويتي
04_0264,انا ممتاز اتقان,حالي ممتاز
04_0265,وقت مسافه طياره خارج مسافه تاريخ سوال,ما هي الفتره التي ستقضيها بالسفر الى الخارج
04_0266,تاريخ سرقه تاريخ سوال,متى حدثت السرقه
04_0267,ماضي,منذ زمن
04_0268,تاريخ فتح مرض,متى بدا المرض
04_0269,مرض ماضي صغير مرض,مرضت عندما كنت طفل
04_0270,دعوه انا رغبه مساعده,مرحبا انا بحاجه الى مساعده
04_0271,انا دعوه طاعه مساعده,مرحبا كيف يمكنني المساعده
04_0272,دعوه اخبار حال جيد,مرحبا ما اخبارك
04_0273,ليل خير,مساء الخير
04_0274,مع_السلامه,مع السلامه
04_0275,سوال ازعاج سوال,من يزعجك
04_0276,هو دواء ماضي يوجد,هل تناولت اي ادويه
04_0277,هو يوجد تحويل د,هل لديك تحويا من الطبيب
04_0278,انا نعم د بطن,نعم من طبيب الجهاز الهضمي
04_0279,هو يوجد تامين,هل لديك تامين
04_0280,نعم تامين,نعم لدي تامين
04_0281,هو رخصه سياره هو,هل لديك رخصه سياره
04_0282,هو بطاقه صوره هويه هو,هل عندك بطاقه هويتك
04_0283,ثاني صوره سوال جواز_سفر,و صوره جواز السفر
04_0284,ولاده طفل اتقان,ولد الطفل سليم
04_0285,ولاده ماضي تسع,ولد الطفل قبل الاوان
04_0286,وجوب طلب صوره هويه,يجب عليك احضار صوره من هويتك
04_0287,سوال هو هاتف مشاهده سوال,هل رايت الهاتف
04_0288,طاوله على,على الطاوله
04_0289,استفهام سوال سرقه هاتف هو,من الذي سرق الهاتف
04_0290,هو كتابه تفاصيل حال,اكتب الحدث بالتفصيل
04_0291,هو عضو مع السعوديه قصه,هل انت عضو في الفريق السعودي
04_0292,نعم انا مع السعوديه قصه رمايه صم,نعم انا في الفريق السعودي للرمايه للصم
04_0293,غدا شهاده تقديم,ساحضر الشهاده غدا
04_0294,سوال عمر سن,كم عمرك
04_0295,انا تعليم ولد اخر شهاده,انا ادرس وابني لديه شهاده
04_0296,انا رغبه لا ممتاز,لا احتاج شيء
04_0297,هو قلم يوجد,هل لديك قلم
04_0298,هو كتابه تاريخ الان,اكتب تاريخ اليوم
04_0299,انا رغبه بطاقه سياره,اريد الحصول على رخصه قياده
04_0300,استفهام دواء قدره هو,هل تناولت الدواء
04_0301,انا نوم ليل,انام ليلا
04_0302,انا حب لون ابيض كره لون اسود,احب اللون الابيض واكره اللون الاسود
04_0303,انا رغبه شراء سوق لوحه,اريد ان اشتري اغراض منزلي من السوبرماركت
04_0304,انا اسم ا ح م د,اسمي احمد
04_0305,انا عمل ترجمه لغه اشاره,انا اعمل مترجم لغه اشاره
04_0306,انا قراءه كتاب,انا اقرا الكتاب
04_0307,انا مع اسره مع مشاهده كره_قدم مباراه,انا واسرتي ذهبنا لمشاهده مباراه كره قدم
04_0308,انا رغبه ذهاب مستشفى سبب ابن مرض,اريد الذهاب للمستشفى بسبب ابني مريض
04_0309,انا اب بيع تصوير,ابي باع الكاميرا
04_0310,اب انا لون حب لون ازرق ام لون حب سوال وردي,ابي يحب اللون الازرق وامي تحب اللون الوردي
04_0311,انا حب اب,احب ابي
04_0312,انا حب بنت اخ,احب اختي
04_0313,انا حب صلاه,احب صلاه
04_0314,انا حب اكل,احب الطعام
04_0315,انا حب صديق,احب زميلي
04_0316,انا اخ بنت جميل,اختي جميله
04_0317,انا اخ زواج الثلاثاء قادم,اخي سيتزوج يوم الثلاثاء القادم
04_0318,حقيبه_ظهر حقيبه_يد خفيف,الحقيبه خفيفه
04_0319,انا اخ سياره سرعه,اخي يقود السياره بسرعه
04_0320,انا مساعده ام منزل,اساعد امي في المنزل
04_0321,انا مساعده فقير,اساعد الفقراء
04_0322,انا صديق مدرسه مع ثلاث بنت ولد خمس,اصدقائي في المدرسه ثلاث بنات و خمس اولاد
04_0323,انا معرفه لغه اشاره,انا اتعلم لغه الاشاره
04_0324,انا وضوء صلاه,انا اتوضا للصلاه
04_0325,انا حب كره_قدم صيد سمكه,انا احب كره القدم وصيد السمك
04_0326,انا طاعه سوال معلم,انا احترم المعلم
04_0327,انا زياره اقارب مستمر,انا ازور اقاربي دائما
04_0328,انا عمل معلم مدرسه,انا اعمل معلم مدرسه
04_0329,انا نار خلط صباح اكل,انا اجهز الفطور
04_0330,انا حفظ مدرسه قراءه,انا احفظ الدرس
04_0331,انا مدرسه جامعه,انا ادرس في الجامعه
04_0332,انا معرفه قراءه مدرسه,انا اذاكر دروسي
04_0333,انا ذهاب مدرسه,انا اذهب للمدرسه
04_0334,انا مشي منزل,انا اذهب للمنزل
04_0335,انا فوضى ترتيب غرفه نوم,انا ارتب غرفتي
04_0336,انا طاعه معلم بنت,انا استمع للمعلمه
04_0337,انا ذهاب مع اب صلاه الجمعه,انا ذاهب مع والدي الي صلاه الجمعه
04_0338,انا زوج مع كل_يوم مشي,انا وزوجتي نمشي يوميا
04_0339,اب نوم سرير,ابي ينام على السرير
04_0340,الاسبوع_الماضي جد موت رحمه الله,الاسبوع الماضي جدي مات رحمه الله
04_0341,الاسبوع_الماضي صديق جد موت,الاسبوع الماضي صديقي جده مات
04_0342,الجمعه السبت اجازه,الجمعه و السبت عطله
04_0343,شرطه قال ممنوع انتظار,الشرطي قال ممنوع الانتظار
04_0344,صيف نهايه ذهاب برد,الصيف انتهى و جاء الشتاء
04_0345,غني مساعده فقير,الغني يساعد الفقير
04_0346,ولد ذهاب مدرسه ابتسامه,الولد يخرج من المدرسه سعيد
04_0347,ولد دخل مدرسه خوف,الولد يدخل المدرسه خائف
04_0348,هو ابن بنت اول عمر سن سوال اسم سوال,ابنتك الاولى كم عمرها و ما اسمها
04_0349,رقم عمر ابن ولد,كم عمر ابنك
04_0350,اب هو اسم سوال,ابوك ما اسمه
04_0351,ام اب صم,ابي و امي من الصم
04_0352,انا اخ موزه اكل صباح,اخي ياكل الموز صباحا
04_0353,استيقاظ وقت ست صباح,استيقظ الساعه السادسه فجرا
04_0354,اسف فهم كلام لا انا,اسف لا افهم ما تقول
04_0355,انا اسم م ر ا د,اسمي مراد
04_0356,انا تنظيف_اسنان,اغسل اسناني
04_0357,غسل_وجه,اغسل وجهي
04_0358,غسل_يد,اغسل يدي
04_0359,بحر لون ازرق,البحر ازرق
04_0360,عضل رياضه فائده صحه,البروتين مفيد للجسم
04_0361,منزل جدار لون ابيض,الجدار ابيض
04_0362,مدرسه سهل,الدرس سهل
04_0363,مدرسه مشاهده فائده,الدرس مفيد
04_0364,ولد شخص صعود جبل,الرجل يصعد الجبل
04_0365,السبت ماضي انا تعب,السبت الماضي كنت متعب
04_0366,السلام_عليكم,السلام عليكم
04_0367,ولد بناء منزل جميل,الشاب يبني بيت جميل
04_0368,شباب شخص رغبه سباحه,الشاب يحب السباحه
04_0369,صلاه حلو,الصلاه جميله
04_0370,د مساعده انسان,الطبيب يساعد الناس
04_0371,اكل فائده مستشفى,الطعام صحي
04_0372,قلم لون ازرق,القلم ازرق
04_0373,لون قلم انا خاص,القلم هذا لي
04_0374,مدرسه جميل,الكتاب رائع
04_0375,ترجمه سريع ذكي,المترجم سريع وذكي
04_0376,نوم فندق ممتاز سعيد,النوم بالفندق مريح
04_0377,ولد هو كتابه,الولد يكتب الدرس
04_0378,ولد شخص لعب,الولد يلعب
04_0379,مع_السلامه,الى اللقاء
04_0380,ام نداء انا اخ,امي تنادي اخي
04_0381,انا فهم لغه اشاره قليل,انا افهم لغه الاشاره قليلا
04_0382,انا كره طفل بكاء,انا اكره بكاء الطفل
04_0383,انا سعيد سبب مشاهده,انا سعيد برويتك
04_0384,انا عمر اثنان_ثلاثون سن,انا عمري ٣٢ سنه
04_0385,هو حب قهوه كوفي,انت تحب القهوه
04_0386,هو شخص ذكي,انت شخص ذكي
04_0387,هو سوال منزل موقع سوال,ما هو عنوان منزلك
04_0388,انا جد ماضي شراء مزرعه,جدي اشترى مزرعه
04_0389,جد ماضي حب شاي اب انا حب قهوه,جدي يحب الشاي و ابي يحب القهوه
04_0390,مدرسه قصه يوجد طاوله هو,كتاب القصه على الطاوله
04_0391,استفهام سوال ابن جيد,كيف حال ابنك
04_0392,استفهام سوال شخص هو اسره جيد,كيف حال اسرتك
04_0393,انا زوج لا_يوجد,انا لست متزوج
04_0394,مع ذهاب,نذهب معا
04_0395,استفهام هو اسم سوال,ما هو اسمك
04_0396,هو عمل سوال,ماذا تعمل
04_0397,انا صم,انا اصم
04_0398,استفهام هو صم,هل انت اصم
04_0399,استفهام هو زوج,هل انت متزوج
04_0400,كل_يوم صباح مشي وقت اثنان,يوميا في الصباح امشي لمده ساعتين
04_0401,انا رغبه اكل مكرونه,اريد ان اكل المكرونه
04_0402,انا رغبه شراء بيض رز,اريد شراء البيض و الرز
04_0403,انا رغبه ذهاب بحر,اريد ان اذهب الى البحر
04_0404,هو بنت شخص حذاء اسود فستان لون وردي,البنت ترتدي حذاء اسود و فستان وردي
04_0405,صيف ذهاب صيد سمكه,في الصيف اذهب لصيد السمك
04_0406,انا اخ حب لون احمر,اخي يحب اللون الاحمر
04_0407,سرير خفيف سعيد,السرير مريح
04_0408,كلب خلف منزل,الكلب خلف الحائط
04_0409,انا سن الم سن,عندي الم في اسناني
04_0410,انا حفيد مع ذهاب قهوه كوفي,انا و احفادي ذهبنا الى المقهى
04_0411,انا اسف,انا اسف
04_0412,فندق داخل برد,الفندق بارد
04_0413,انا ابن ت س م م بطن,ابني يعاني من تسمم غذائي
04_0414,انا حب لا ال ب ق و ل ي ا ت,لا احب البقوليات
04_0415,انا معرفه سبب اختبار,انا اذاكر للاختبار
04_0416,انا وضوء قبل نوم,انا اتوضا قبل النوم
04_0417,ام نار خلط غرفه خلط,امي تطبخ الفطور في المطبخ
04_0418,طفل لعب بحر قريب,الطفل يلعب على الشاطى
04_0419,انا حب برد,احب البرد
04_0420,انا حب تفاحه موزه انواع صيف,احب اكل الفاكهه في الصيف
04_0421,انا لقاء اقارب مباراه,التقي باقاربي في المباراه
04_0422,سوال موقع بيع,اين المتجر
04_0423,انا ابن بنت بطن,ابنتي تعاني من الم في المعده
04_0424,انا اخ رغبه لا ال خ س,اختي لا تحب الخس
04_0425,دجاج طير في ب ر و ت ي ن,الدجاج فيه بروتين
04_0426,انا اخ مع ارنب قصه رمايه,اخي في فريق الرمايه
04_0427,انتظار اخ بنت جامعه,انتظر اختي في الجامعه
04_0428,شخص خدمه نحيف ركض سرعه,النادل نحيل وسريع
04_0429,طفل بكاء صراخ ازعاج,بكاء الطفل مزعج
04_0430,اخ بنت جديله لون اصفر,شعر اختي طويل ولونه اشقر
04_0431,ذاكره نسيان تذكره طياره,لقد نسيت تذكره الطياره
04_0432,لا طاوله كرسي لا,لا تجلس على الطاوله
04_0433,رغبه وقت اتقان د هضمي,اريد موعد مع طبيب الجهاز الهضمي
04_0434,ولد هو اختفاء شرطه,هرب الرجل من الشرطه
04_0435,انا غسل_وجه صباح,اغسل وجهي في الصباح
04_0436,انا شراء انا اخ شراء دراجه_ناريه,اشترى اخي دراجه ناريه
04_0437,انا منزل مدرسه اخر نهايه,انتهيت من واجباتي المدرسيه
04_0438,حقيبه_يد حقيبه_ظهر حقيبه_يد خفيف لا,الحقيبه ليست خفيفه
04_0439,كلب جبل صعود,الكلب يصعد الجبل
04_0440,ولد كتابه جدار كتابه,الولد يكتب على الجدار
04_0441,انا الثلاثاء شراء تصوير,ساشتري كاميرا يوم الثلاثاء
04_0442,ممنوع كرسي لا_2,ممنوع الجلوس
04_0443,سوال مال سوال صوره اسود بطن,كم سعر تصوير الموجات فوق الصوتيه للبطن
04_0444,استفهام لوحه الثلاثاء مفتوح هو,هل المحل مفتوح يوم الثلاثاء
04_0445,هو ثلج قليل هنا,الثلج نادر هنا
04_0446,هو تاريخ وقت ولاده,متى موعد الولاده
04_0447,انا حضور تاريخ وقت محدد تاخير,حضرت للموعد متاخر
04_0448,انا رغبه شكوى سبب ازعاج,اريد تقديم شكوى بسبب الازعاج
04_0449,انا اخ رغبه طياره تخفيض,ابي يريد بدل اعاقه
04_0450,انا رغبه كلمه منزل نقل,اريد نقل ملكيه المنزل
04_0451,هو ملكيه منزل خوف انا,هو مالك المنزل الجديد
04_0452,انا جد رغبه حب سوال اخبار تلفاز,جدي يحب مشاهده الاخبار التلفزيونيه
04_0453,انا اخ بناء سوال جبل,اخي يبني بيت فوق الجبل
04_0454,رياضه فائده صحه,الرياضه مفيده للصحه
04_0455,انا مشاهده هويه نظر سوال الاربعاء,لقد وجدت هويتي يوم الاربعاء
04_0456,استفهام بطاقه يوجد,هل لديك رخصه
04_0457,ممنوع اكل بقره جبن انواع,ممنوع ان اكل منتجات الالبان
04_0458,انا جد جيد غني,جدي جيد وغني
04_0459,تقديم فقير اكل,اعطي الفقير اكل
04_0460,استفهام حب بقره او عصير,هل تحب الحليب ام العصير
04_0461,انا غرفه لون وردي,غرفتي لونها وردي
04_0462,موقع منزل سوال,ما هو عنوانك
04_0463,انا ضياع كتاب قصه,فقدت كتاب القصه
04_0464,اتصال زوج,اتصلت بزوجي
04_0465,هو طير دخل سرير تحت,الطائر تحت السرير
04_0466,انا طاعه جد,انا احترم جدي
04_0467,الان تاريخ اثنان عشر,اليوم هو الثاني من اكتوبر
04_0468,انا غدا منزل ترتيب تنظيف,انا ارتب المنزل يوميا
04_0469,استئذان غدا عوده,من قضلك تعال غدا
04_0470,انا رغبه دوره_مياه,اريد ان اذهب الى الحمام
04_0471,زوج هو شراء كل_يوم الجمعه منزل اعطاء,زوجي يشتري اغراض المنزل يوم الجمعه
04_0472,رغبه لا انتظار,اكره الانتظار
04_0473,مال دفع بطاقه سياره مال رخيص,رسوم رخصه القياده رخيصه
04_0474,انا رغبه صوره_شخصيه اربع,انا اريد اربع صور ضوئيه
04_0475,انا اخ عمل بدون,اخي عاطل عن العمل
04_0476,عمر ام انا اثنان_ثلاثون سن,عمر امي اثنان و ثلاثون سنه
04_0477,هو استفهام هو ولد شخص صفه سرقه سوال,صف الرجل الذي سرق
04_0478,هو ولد ولاده اتقان صباح,ولد الطفل سليم في الصباح
04_0479,مشاهده صعب تقلب سبب ازعاج صراخ,اجد صعوبه في النوم بسبب الازعاج
04_0480,انا اخ بنت زواج تاريخ السبت قادم,اختي ستتزوج يوم السبت القادم
04_0481,انا مشاهده معرفه مدرسه,انا استمع للدرس
04_0482,انا حفظ مدرسه داخل مدرسه,انا احفظ الدرس في المدرسه
04_0483,انا ام عمل داخل منزل داخل,امي تعمل في البيت
04_0484,انا رغبه تحويل د بطن,اريد تحويل من طبيب الجهاز الهضمي
04_0485,تاريخ سوال د عوده تاريخ سوال,متى سيعود الطبيب الى المستشفى
04_0486,انا ابن بنت عمر اربع_سنوات,ابنتي عمرها اربع سنوات
04_0487,انا سياره حافله,انا اقود الحافله
04_0488,انا زياره هو جد اسبوع مستمر,ازور جدي كل اسبوع
04_0489,انا سعيد سبب صيف اغلاق,انا سعيد بعطله الصيف
04_0490,انا لبس بنطال لون ازرق,انا البس بنطلون جينز ازرق
04_0491,انا استفراغ دوخه حمى الان,انا اتقيا واعاني من دوخه وحمى الان
04_0492,انا ذهاب فيلم سينما وقت اثنان ليل,انا اذهب الى السينما الساعه الثانيه مساء
04_0493,انا اخ عضو مع السعوديه قصه كره_قدم,اخي عضو في الفريق السعودي لكره القدم
04_0494,بيع جد بيع مزرعه,باع جدي المزرعه
04_0495,معلم بنت نداء اخ بنت,المعلمه تنادي اختي
04_0496,دراجه_ناريه هو خطر,الدراجه الناريه خطيره
04_0497,سوال اخر شهاده سوال,ما هي نتائج الاختبار
04_0498,انا غسل_يد قبل اكل,اغسل يدي قبل الاكل
04_0499,بنت هو لبس لون ابيض,المراه ترتدي لبس ابيض
04_0500,استفهام نسخ بطاقه هو,هل لديك نسخه من التصريح
05_0001,سوال هو,من هو
05_0002,هو معلم لغه اشاره,هو مدرس لغه اشاره
05_0003,استفهام هو معلم هو,هل انت مدرس
05_0004,هو معلم لا انا مدرسه,انت لست مدرس انا طالب
05_0005,هو سوال,هو من
05_0006,هو صديق مدرسه,هو زميلي في المدرسه
05_0007,استفهام هو صديق مدرسه,هل هو زميلك في المدرسه
05_0008,انا اسره رقم ثلاث اشخاص,اسرتي تتكون من ثلاث اشخاص
05_0009,رقم عمر ابن بنت,كم عمر ابنتك
05_0010,عمر اربع سن عمر,عمرها اربع سنوات
05_0011,عمر سن خمسون سن,عمره خمسين سنه
05_0012,سوال بنت ابن,اين ابنته
05_0013,عمر ابن خمسون سن,عمر ابنه خمسين سنه
05_0014,معرفه هو لغه اشاره,هو يعرف لغه الاشاره
05_0015,معرفه لغه اشاره,اعرف لغه الاشاره
05_0016,هو معرفه ام لغه اشاره,هل تعرف والدتك لغه الاشاره
05_0017,لا معرفه لغه اشاره,لا تعلم لغه الاشاره
05_0018,ممكن هو قدره كتابه اسم هو,ممكن تكتب اسمك
05_0019,انا كتابه,انا اكتب
05_0020,استفهام تاريخ الان سوال,ما هو تاريخ اليوم
05_0021,الان واحد شهر عشر,اليوم هو واحد اكتوبر
05_0022,انا ذهاب مدرسه سبب كره_قدم,انا اذهب الى المدرسه لالعب كره القدم
05_0023,انا قلب قدره,انوي القيام به
05_0024,هو رغبه شرب سوال,ماذا تريد ان تشرب
05_0025,انا رغبه شرب شاي,انا اريد ان اشرب الشاي
05_0026,هو رغبه اكل سوال,ماذا تريد ان تاكل
05_0027,انا رغبه اكل رز,اريد ان اكل رز
05_0028,انا رغبه ذهاب مكتبه بعد صيف,اريد ان اذهب الى المكتبه بعد الظهر
05_0029,هو رغبه بعد صيف سوال,ماذا تريد ان تفعل بعد الظهر
05_0030,انا رغبه ذهاب لوحه بقاله,اريد ان اذهب الى السوبرماركت بعد الظهر
05_0031,سبب رغبه شراء,ماذا تريد ان تشتري
05_0032,انا رغبه كوب شراء,اريد شراء كوب
05_0033,انا رغبه معرفه لغه اشاره,اريد ان اتعلم لغه الاشاره
05_0034,انا رغبه ذهاب مدرسه سبب قراءه غدا,اريد ان اذهب الى المدرسه لقراءه الكتب غدا
05_0035,رقم معلم مدرسه هو,كم عدد المدرسين في مدرستك
05_0036,رقم اشخاص مدرسه هو مدرسه,كم عدد الاشخاص في مدرستك
05_0037,سوال قط,اين القطه
05_0038,قط صغير تحت طاوله,القط الصغير تحت الطاوله
05_0039,اب هو منزل يوجد,والدك في المنزل
05_0040,لا منزل لا_يوجد,ليس في المنزل
05_0041,سوال اب,اين والدك
05_0042,اب مستشفى يوجد,والدي في المستشفى
05_0043,سوال عمل,اين يعمل
05_0044,صديق انا مدرسه,صديقي في المدرسه
05_0045,انا ام منزل,امي في المنزل
05_0046,سوال كوب شرب,اين الكوب
05_0047,سوال صديق هو,اين اصدقائك
05_0048,قراءه سوال مكان مدرسه,القراءه في المدرسه
05_0049,طاوله هو سوال,ماذا يوجد على الطاوله
05_0050,طاوله كتاب لاب_توب يوجد,هناك كتب و كمبيوترعلى الطاوله
05_0051,هو اسم هو,ما اسمه
05_0052,اسم هو ولد خلف,ما اسم ذلك الرجل في الخلف
05_0053,استئذان انا كرسي الان,ممكن اجلس على الكرسي
05_0054,استئذان دعوه كرسي,من فضلك اجلس
05_0055,سوال كرسي يوجد سوال,ماذا يوجد على الكرسي
05_0056,كرسي قط صغير فوق_كرسي,هناك قط صغير على الكرسي
05_0057,يوجد مدرسه يوجد بيع,يوجد متجر في المدرسه
05_0058,رقم وقت الان,كم الوقت الان
05_0059,وقت سوال عشر,الساعه العاشره
05_0060,وقت هو صيف اكل وقت سوال,متى تاكل في الظهر
05_0061,تاريخ وقت اب انا منزل اخر تاريخ,متى سيعود ابي الى المنزل
05_0062,وقت خمس ليل,الوقت الخامسه مساء
05_0063,هو تاريخ ذهاب سينما فيلم تاريخ,متى نذهب الى السينما
05_0064,هو الان مطر,يوجد مطر الان
05_0065,لا مطر الان لا,لا يوجد مطر الان
05_0066,لا برد الان,لا يوجد برد الان
05_0067,سوال صحه هو,كيف حالك
05_0068,شكر د,شكرا دكتور
05_0069,هو مطر غدا,هل ستمطر غدا
05_0070,لا غدا مطر لا,لن تمطر غدا
05_0071,هو عمل سوال,ماذا تعمل
05_0072,انا شعر قراءه,انا اقرا
05_0073,انا شراء تفاحه موزه انواع,انا اشتريت فواكه
05_0074,انا سعيد مقابله,انا سعيد بلقائك
05_0075,هو رغبه رياضه سوال قلب رغبه سوال,ما هي الرياضه التي تحبها
05_0076,انا حب كره_قدم كثير حب,احب لعب كره القدم كثيرا
05_0077,سوال هو شراء تفاحه,هل اشتريت التفاح
05_0078,انا شراء تفاحه لا_يوجد,انا لم اشتري التفاح
05_0079,هو لبس جيد حلو,لبسه جميل
05_0080,جو برد قليل,الجو بارد قليلا
05_0081,انا الان ماضي تعب,كنت متعب قليلا امس
05_0082,هو مشاهده هاتف مشاهده,هل رايت هاتفي
05_0083,هو صديق انا,هو صديقي
05_0084,سوال عمر اخ هو,كم هو عمر اخيك
05_0085,انا استيقاظ وقت خمس صباح كل_يوم,استيقظ في الخامسه كل صباح
05_0086,نهايه كتابه منزل نهايه,انتهيت من واجباتي
05_0087,انا خلط اكل خلط كل_يوم ليل,اطبخ كل ليله
05_0088,انا خوف,انا خائف
05_0089,سبب خوف,لماذا انت خائف
05_0090,دعوه مع دعوه اكل ليل دعوه الان ليل,لنتناول العشاء معا الليله
05_0091,سوال كرسي حمام,اين الحمام
05_0092,انا رغبه شرب بقره,اريد ان اشرب الحليب
05_0093,اعاده عوده مدرسه حافله,نعود الى المدرسه بالحافله
05_0094,هو اكل صباح اكل هو,هل اكلت الفطور
05_0095,انا اب خلط اكل نارغرفه,ابي يعد العشاء في المطبخ
05_0096,مكتبه مدرسه جميل,مكتبه المدرسه جميله
05_0097,لا حب اكل موز,لا احل اكل الموز
05_0098,كتاب جواز تذكره طياره حقيبه_يد يوجد,جواز سفري و تذكره الطياره في الحقيبه
05_0099,انا اب حادث,تعرض ابي لحادث
05_0100,انا اكل ليل وقت تسع,انا اكل العشاء الساعه التاسعه
05_0101,انا زوج عمل كثير,زوجي يعمل كثيرا
05_0102,زوج عمل سوال اكل لوحه,زوجي يعمل في المطعم
05_0103,هو طفل رغبه لعب انواع كثير,يريد الطفل العاب متنوعه
05_0104,رغبه حذاء خوف,اريد حذاء جديد
05_0105,انا رغبه تلفاز حاسب خوف,اريد كمبيوتر جديد
05_0106,هو رغبه دراجه,اريد دراجه
05_0107,زهره مطر رغبه,الزهور تحتاج المطر
05_0108,استفهام هو جوع اكل هو,هل انت جائع
05_0109,هو يوجد سلطه اتقان,هل لديك سلطه طازجه
05_0110,استفهام هو تفاحه اتقان,هل لديك تفاح طازج
05_0111,اخ جوع,اخي جائع
05_0112,هو ام جوع,والدتك جائعه
05_0113,الان تفاحه موزه يوجد لوحه,يوجد اليوم تفاح و موز في السوبرماركت
05_0114,هو مساعده,هل تساعدني
05_0115,شرطه استفهام منزل ام سوال,يسالني الشرطي عن مكان والدتي
05_0116,تاريخ زوج هو ذهاب سينما,متى سيذهب زوجك للسينما
05_0117,معلم ذهاب مركز صم يوم الاربعاء,يذهب المعلم الى مركز الصم يوم الاربعاء
05_0118,شخص صم ذهاب مركز صم,يذهب الاصم الى مركز الصم
05_0119,انا بيتزا سوال لوحه اكل,انا اكل البيتزا في المطعم
05_0120,هو رغبه حب اكل شوكولاته بسكوت حب هو,تحب ان تاكل البسكوت و الشوكولاته
05_0121,انا سياره ركوب ذهاب لوحه بقاله شوكولاته,انا اقود الى السوبرماركت
05_0122,بنت دراجه,البنت تركب دراجه
05_0123,انا صديق دراجه ماضي,ركب صديقي دراجه امس
05_0124,شرطه دراجه_ناريه,يركب الشرطي دراجه ناريه
05_0125,ولد صم هو سياره قدره,الرجل الاصم يقود سياره
05_0126,مدرسه شخص سياره ذهاب وصل مركز سياره,ياتي الطالب الى المعهد بالسياره
05_0127,استفهام الحذاء مشاهده سوال,هل رايت الحذاء
05_0128,هو قدره مشاهده نظاره,هل رايت النظارات
05_0129,لاب_توب حاسب مشاهده لاب_توب,هل رايت الكمبيوتر
05_0130,انا ذهاب سينما الان ليل,انا ذاهب الى السينما الليله
05_0131,اخ ذهاب اكل لوحه,ذهب اخي الى المطعم
05_0132,انا ذهاب لوحه شوكولاته بقاله انواع شراء,انا ذاهب الى السوبرماركت
05_0133,زوج ذهاب لوحه بقاله,يذهب الزوج الى السوبرماركت
05_0134,دعوه نداء اكل رغبه تعداد,اطلب من النادل
05_0135,الان برد ليل برد,الجو بارد الليله
05_0136,الان برد ماضي مركز صم,شعرت بالبرد في مركز الصم امس
05_0137,انا شعور برد حافله داخل ليل الان,انا اشعر بالبرد في الحافله الليله
05_0138,شراء شاي شرب رغبه هو,هل تريد شراء الشاي
05_0139,انا شراء شوكولاته,انا اشتري الشوكولاته
05_0140,ولد شخص شراء ماء,الولد يشتري الماء
05_0141,انا غدا حاسب شراء,سوف اشتري كمبيوتر غدا
05_0142,الان خس ال خ س لوحه بقاله,اليوم نشتري الخس من السوبرماركت
05_0143,انا الان خلط اكل,انا اطبخ الان
05_0144,الان خلط لا,لا اطبخ الان
05_0145,وقت سوال حافله دخول,متى تاتي الحافله
05_0146,وقت رئيس ذهاب وقت سوال,متى ياتي الرئيس
05_0147,رقم بسكوت مال تفاحه مال رقم,كم سعر البسكوت والتفاح
05_0148,زوج هو معرفه لغه اشاره,زوجك يتعلم لغه الاشاره
05_0149,هو صديق هو معرفه لغه اشاره,صديقك يتعلم لغه الاشاره
05_0150,بنت هو قراءه,المراه تقرا
05_0151,ولد قراءه,الولد يقرا
05_0152,صديق كتاب قراءه,صديقي يقرا كتاب
05_0153,ام قراءه كل_يوم السبت,الام تقرا كتاب يوم السبت
05_0154,اخ حب كتاب خوف هو,يحب اخوك قراءه كتاب جديد
05_0155,انا حب شاي,نحن نحب الشاي
05_0156,انا حب بقره اتقان,انا احب الحليب الطازج
05_0157,طفل حب ثلج هو,الطفل يحب الثلج
05_0158,انا حب شوكولاته بقره,انا احب الشوكولاته و الحليب
05_0159,هو حب شوكولاته بسكوت,تحب الشوكولاته او البسكوت
05_0160,سلطه اتقان ممتاز,السلطه الطازجه طعمها جيد
05_0161,موزه تفاحه اتقان ممتاز جيد,طعم الموز والتفاح الطازج جيد
05_0162,انا صديق كتابه,صديقي يكتب
05_0163,ممكن صديق قدره كتابه,يمكن لصديقي ان يكتب
05_0164,لعب هو ممتاز,اللعبه جميله
05_0165,انا بحث تفاحه احمر,انا ابحث عن تفاح احمر
05_0166,هو رغبه قهوه شاي رغبه سوال,هل تريد قهوه او شاي
05_0167,هو بحث قهوه شاي,هل تريد شاي ام قهوه
05_0168,انا بحث تفاحه احمر شوكولاته,انا ابحث عن تفاح احمر و شوكولاته
05_0169,رئيس اتصال,الرئيس على الهاتف
05_0170,استفهام غدا صديق لقاء,هل ستلتقي بصديقك غدا
05_0171,انا غدا صديق لقاء,سالتقي بصديقي غدا
05_0172,هو شرب هو,هو يشرب ماء
05_0173,انا شرب ماضي,شربت الماء امس
05_0174,ولد شخص ماء هو,الولد يشرب الماء
05_0175,نسيان دراجه,نسيت الدراجه
05_0176,انا جميع جوع,نحن جائعون
05_0177,حافله خوف هو,الحافله جديده
05_0178,سوال بيتزا,اين البيتزا
05_0179,نظاره غالي,النظارات غاليه
05_0180,حذاء رخيص,الحذاء رخيص
05_0181,حاسب لاب_توب غالي,الكمبيوتر غالي السعر
05_0182,شوكولاته صحه,الشوكولاته صحيه
05_0183,اب مستشفى منزل سبب حادث,والدي في المستشفى لانه تعرض لحادث
05_0184,استئذان عصير تفاحه,من فضلك اعطني عصير تفاح
05_0185,رغبه صوره قط صغير,ابني يريد تصوير القط الصغير
05_0186,انا خوف ولاده قبل وقت,اخاف من الولاده قبل الاوان
05_0187,انا ام ذهاب مستشفى سبب مرض,ذهبت والدتي الى المستشفى لانها مريضه
05_0188,انا نوم تقلب,اجد صعوبه في النوم
05_0189,ابن زعل سبب كلب موت,ابني حزين لان الكلب مات
05_0190,جد ماضي هو حزن سبب طير موت,جدي حزين لان الطائر مات
05_0191,انا زعل سبب قط موت الان صباح,انا حزين لان قطتي ماتت هذا الصباح
05_0192,انا ذهاب مزرعه شراء بيض موزه انواع,اذهب الى المزرعه لشراء البيض و الموز
05_0193,وجوب استيقاظ وقت سبع كل_يوم,يجب ان استيقظ الساعه السادسه كل يوم
05_0194,انا صديق صم قدره ترجمه اشاره,صديقي اصم لكن يمكنني ان اترجم له
05_0195,استئذان تذكره طياره عطاء,من فضلك اعطني تذكره الرحله
05_0196,ترجمه ذهاب مركز الثلاثاء مستمر,المترجم يذهب الى المعهد كل يوم ثلاثاء
05_0197,انا حفيد رغبه سباحه بحر,احفادي يرغبون السباحه في البحر
05_0198,انا معرفه اخبار ترجمه مشاهده معرفه,انا افهم الاخبار مع الترجمه
05_0199,مشاهده شاشه قليل مشاهده اخبار,نادرا اشاهد الاخبار التلفزيونيه
05_0200,انا غدا وقت اثنان عمل خلاص,ينتهي عملي غدا الساعه الثانيه
05_0201,هو هاتف اتصال شرطه,انت اتصلت بالشرطه
05_0202,رغبه ساعه تخفيض طياره معاق,اريد خصم الرحله للمعاقين
05_0203,انا اسم سياره اسم,اريد نقل ملكيه سيارتي
05_0204,استفهام صدر خوف مسوول سوال سياره اسم,من سيكون المالك الجديد
05_0205,هو وجوب شرب زياده,يجب ان تشرب الكثير من الماء
05_0206,كتاب صباح صيف مكتبه لوحه صباح صيف,المكتب مفتوح في الصباح و الظهر
05_0207,ولد سرق هاتف,سرق شخص ما هاتفي
05_0208,انا ولد هو هاتف اخذ اختفاء,اخذ رجل الهاتف وهرب
05_0209,انت سوال ذهاب جري,الى اين ركض
05_0210,مستمر جري بحر,ركض الى الشاطئ
05_0211,سوال هو ماضي هو,اين كنت
05_0212,هو ماضي كوفي انتظار,كنت في مقهى
05_0213,هو انا بحث هاتف بحث جواب,سوف ابحث عن الهاتف و نبلغك
05_0214,هو رغبه اسبوع اخر راحه سعيد,اتمنى لك عطله نهايه اسبوع سعيده
05_0215,انا رغبه جواز سفر رغبه,اريد الحصول على جواز سفر
05_0216,رغبه شكوى,اريد تقديم شكوى
05_0217,انا رغبه طبيب د,انا بحاجه الى طبيب
05_0218,د يوجد غدا يوجد,الطبيب موجود غدا
05_0219,مشكله سوال,ما المشكله
05_0220,انا لا صحه سيئ,صحتي غير جيده
05_0221,انا استفراغ ثاني اسهال انا,انا اتقيا و اعاني من الاسهال
05_0222,تاريخ سوال اسهال تاريخ فتح,منذ متى تعاني من الاسهال
05_0223,ثلاث قبل,ثلاث ايام
05_0224,هو حمى هو,هل لديك حمى
05_0225,نعم انا دوخه,نعم انا اعاني من دوخه
05_0226,انا ماضي ثلاث اكل سوال,ماذا اكلت قبل ثلاث ايام
05_0227,انا رغبه وقت موعد صوره بطن رغبه,اريد موعدا لاجراء تصوير البطن بالموجات فوق الصوتيه
05_0228,هو تجنب بقره خضار انواع تجنب,تجنب منتجات الالبان و الخضار
05_0229,انا قدره دجاج سمكه,يمكنني اكل الدجاج و السمك
05_0230,تمام اريد اكل رز مكرونه قدره,بالطبع يمكن ان تاكل الرز و المكرونه
05_0231,انا عمل لا_يوجد تامين لا_يوجد,انا عاطل عن العمل و ليس لدي تامين
05_0232,هو دفع مال سوال,اين دفع الرسوم
05_0233,بنك اي_شي,في احد البنوك
05_0234,هو مقابله ملكيه مقابله محادثه,هل تحدثت الى المالك
05_0235,اعاده عوده ثلاث عوده,تعال مره اخرى بعد ثلاث ايام
05_0236,هو عوده مع هو,هل جئتم معا
05_0237,ان_شاء_الله غدا دفع,ان شاء الله ادفع غدا
05_0238,رغبه مستقبل سعيد,اتمنى لك مستقبل سعيد
05_0239,مهم بطاقه هويه اخذ صوره,احتاج الى بطاقه الهويه و صوره ضوئيه
05_0240,ولد سرقه حقيبه_يد,سرق الرجل حقيبتي
05_0241,هو اختبار اخر شهاده,سيتم اختبارك و ستحصل على النتائج
05_0242,هو رخصه رسمي واحد ثلاث,ستكون الرخصه جاهزه في غضون ثلاث اسابيع
05_0243,بطاقه سوال اسابيع ثلاث,سيكون التصريح جاهز في غضون ثلاث اسابيع
05_0244,جواز كتاب اتقان ممكن عشر_ايام,سيكون جواز السفر جاهز في غضون عشر ايام
05_0245,وجوب دفع جواز سفر,يجب عليك دفع رسوم جواز السفر
05_0246,شكر,شكرا
05_0247,شكر مساعده,شكرا لمساعدتك
05_0248,صباح خير,صباح الخير
05_0249,صباح خير طاعه خدمه سوال,صباح الخير كيف يمكنني ان اخدمك
05_0250,صباح خير هو رغبه مساعده,صباح الخير هل تحتاج مساعده
05_0251,ولد صفه سوال,صف الرجل
05_0252,ولد طويل نحيف شعر اصفر قصير,كان الرجل طويل ونحيل وشعره اشقر قصير
05_0253,انا بطن الم,عندي الم في المعده
05_0254,انا جواز تاريخ انتهاء,جواز سفري منتهي الصلاحيه
05_0255,سبب ولد شخص لبس سوال,ماذا كان يرتدي الرجل
05_0256,ولد لبس بنطال احمر حذاء ابيض,الرجل يرتدي بنطال احمر و حذاء ابيض
05_0257,سوال جواز تاريخ انتهاء تاريخ سوال,ماهو تاريخ نهايه صلاحيه الجواز
05_0258,سن خمس,خمس سنوات
05_0259,سوال ضياع حقيبه_يد,كيف فقدت الحقيبه
05_0260,ماضي مرض خطر,اصبت بمرض خطير
05_0261,هاتف هويه ضياع سوال,كيف فقدت هاتفك و هويتك
05_0262,هو بطن ت س م م,لديك تسمم غذائي
05_0263,انا هويه ضياع,فقدت هويتي
05_0264,انا ممتاز اتقان,حالي ممتاز
05_0265,وقت مسافه طياره خارج مسافه تاريخ سوال,ما هي الفتره التي ستقضيها بالسفر الى الخارج
05_0266,تاريخ سرقه تاريخ سوال,متى حدثت السرقه
05_0267,ماضي,منذ زمن
05_0268,تاريخ فتح مرض,متى بدا المرض
05_0269,مرض ماضي صغير مرض,مرضت عندما كنت طفل
05_0270,دعوه انا رغبه مساعده,مرحبا انا بحاجه الى مساعده
05_0271,انا دعوه طاعه مساعده,مرحبا كيف يمكنني المساعده
05_0272,دعوه اخبار حال جيد,مرحبا ما اخبارك
05_0273,ليل خير,مساء الخير
05_0274,مع_السلامه,مع السلامه
05_0275,سوال ازعاج سوال,من يزعجك
05_0276,هو دواء ماضي يوجد,هل تناولت اي ادويه
05_0277,هو يوجد تحويل د,هل لديك تحويا من الطبيب
05_0278,انا نعم د بطن,نعم من طبيب الجهاز الهضمي
05_0279,هو يوجد تامين,هل لديك تامين
05_0280,نعم تامين,نعم لدي تامين
05_0281,هو رخصه سياره هو,هل لديك رخصه سياره
05_0282,هو بطاقه صوره هويه هو,هل عندك بطاقه هويتك
05_0283,ثاني صوره سوال جواز_سفر,و صوره جواز السفر
05_0284,ولاده طفل اتقان,ولد الطفل سليم
05_0285,ولاده ماضي تسع,ولد الطفل قبل الاوان
05_0286,وجوب طلب صوره هويه,يجب عليك احضار صوره من هويتك
05_0287,سوال هو هاتف مشاهده سوال,هل رايت الهاتف
05_0288,طاوله على,على الطاوله
05_0289,استفهام سوال سرقه هاتف هو,من الذي سرق الهاتف
05_0290,هو كتابه تفاصيل حال,اكتب الحدث بالتفصيل
05_0291,هو عضو مع السعوديه قصه,هل انت عضو في الفريق السعودي
05_0292,نعم انا مع السعوديه قصه رمايه صم,نعم انا في الفريق السعودي للرمايه للصم
05_0293,غدا شهاده تقديم,ساحضر الشهاده غدا
05_0294,سوال عمر سن,كم عمرك
05_0295,انا تعليم ولد اخر شهاده,انا ادرس وابني لديه شهاده
05_0296,انا رغبه لا ممتاز,لا احتاج شيء
05_0297,هو قلم يوجد,هل لديك قلم
05_0298,هو كتابه تاريخ الان,اكتب تاريخ اليوم
05_0299,انا رغبه بطاقه سياره,اريد الحصول على رخصه قياده
05_0300,استفهام دواء قدره هو,هل تناولت الدواء
05_0301,انا نوم ليل,انام ليلا
05_0302,انا حب لون ابيض كره لون اسود,احب اللون الابيض واكره اللون الاسود
05_0303,انا رغبه شراء سوق لوحه,اريد ان اشتري اغراض منزلي من السوبرماركت
05_0304,انا اسم ا ح م د,اسمي احمد
05_0305,انا عمل ترجمه لغه اشاره,انا اعمل مترجم لغه اشاره
05_0306,انا قراءه كتاب,انا اقرا الكتاب
05_0307,انا مع اسره مع مشاهده كره_قدم مباراه,انا واسرتي ذهبنا لمشاهده مباراه كره قدم
05_0308,انا رغبه ذهاب مستشفى سبب ابن مرض,اريد الذهاب للمستشفى بسبب ابني مريض
05_0309,انا اب بيع تصوير,ابي باع الكاميرا
05_0310,اب انا لون حب لون ازرق ام لون حب سوال وردي,ابي يحب اللون الازرق وامي تحب اللون الوردي
05_0311,انا حب اب,احب ابي
05_0312,انا حب بنت اخ,احب اختي
05_0313,انا حب صلاه,احب صلاه
05_0314,انا حب اكل,احب الطعام
05_0315,انا حب صديق,احب زميلي
05_0316,انا اخ بنت جميل,اختي جميله
05_0317,انا اخ زواج الثلاثاء قادم,اخي سيتزوج يوم الثلاثاء القادم
05_0318,حقيبه_ظهر حقيبه_يد خفيف,الحقيبه خفيفه
05_0319,انا اخ سياره سرعه,اخي يقود السياره بسرعه
05_0320,انا مساعده ام منزل,اساعد امي في المنزل
05_0321,انا مساعده فقير,اساعد الفقراء
05_0322,انا صديق مدرسه مع ثلاث بنت ولد خمس,اصدقائي في المدرسه ثلاث بنات و خمس اولاد
05_0323,انا معرفه لغه اشاره,انا اتعلم لغه الاشاره
05_0324,انا وضوء صلاه,انا اتوضا للصلاه
05_0325,انا حب كره_قدم صيد سمكه,انا احب كره القدم وصيد السمك
05_0326,انا طاعه سوال معلم,انا احترم المعلم
05_0327,انا زياره اقارب مستمر,انا ازور اقاربي دائما
05_0328,انا عمل معلم مدرسه,انا اعمل معلم مدرسه
05_0329,انا نار خلط صباح اكل,انا اجهز الفطور
05_0330,انا حفظ مدرسه قراءه,انا احفظ الدرس
05_0331,انا مدرسه جامعه,انا ادرس في الجامعه
05_0332,انا معرفه قراءه مدرسه,انا اذاكر دروسي
05_0333,انا ذهاب مدرسه,انا اذهب للمدرسه
05_0334,انا مشي منزل,انا اذهب للمنزل
05_0335,انا فوضى ترتيب غرفه نوم,انا ارتب غرفتي
05_0336,انا طاعه معلم بنت,انا استمع للمعلمه
05_0337,انا ذهاب مع اب صلاه الجمعه,انا ذاهب مع والدي الي صلاه الجمعه
05_0338,انا زوج مع كل_يوم مشي,انا وزوجتي نمشي يوميا
05_0339,اب نوم سرير,ابي ينام على السرير
05_0340,الاسبوع_الماضي جد موت رحمه الله,الاسبوع الماضي جدي مات رحمه الله
05_0341,الاسبوع_الماضي صديق جد موت,الاسبوع الماضي صديقي جده مات
05_0342,الجمعه السبت اجازه,الجمعه و السبت عطله
05_0343,شرطه قال ممنوع انتظار,الشرطي قال ممنوع الانتظار
05_0344,صيف نهايه ذهاب برد,الصيف انتهى و جاء الشتاء
05_0345,غني مساعده فقير,الغني يساعد الفقير
05_0346,ولد ذهاب مدرسه ابتسامه,الولد يخرج من المدرسه سعيد
05_0347,ولد دخل مدرسه خوف,الولد يدخل المدرسه خائف
05_0348,هو ابن بنت اول عمر سن سوال اسم سوال,ابنتك الاولى كم عمرها و ما اسمها
05_0349,رقم عمر ابن ولد,كم عمر ابنك
05_0350,اب هو اسم سوال,ابوك ما اسمه
05_0351,ام اب صم,ابي و امي من الصم
05_0352,انا اخ موزه اكل صباح,اخي ياكل الموز صباحا
05_0353,استيقاظ وقت ست صباح,استيقظ الساعه السادسه فجرا
05_0354,اسف فهم كلام لا انا,اسف لا افهم ما تقول
05_0355,انا اسم م ر ا د,اسمي مراد
05_0356,انا تنظيف_اسنان,اغسل اسناني
05_0357,غسل_وجه,اغسل وجهي
05_0358,غسل_يد,اغسل يدي
05_0359,بحر لون ازرق,البحر ازرق
05_0360,عضل رياضه فائده صحه,البروتين مفيد للجسم
05_0361,منزل جدار لون ابيض,الجدار ابيض
05_0362,مدرسه سهل,الدرس سهل
05_0363,مدرسه مشاهده فائده,الدرس مفيد
05_0364,ولد شخص صعود جبل,الرجل يصعد الجبل
05_0365,السبت ماضي انا تعب,السبت الماضي كنت متعب
05_0366,السلام_عليكم,السلام عليكم
05_0367,ولد بناء منزل جميل,الشاب يبني بيت جميل
05_0368,شباب شخص رغبه سباحه,الشاب يحب السباحه
05_0369,صلاه حلو,الصلاه جميله
05_0370,د مساعده انسان,الطبيب يساعد الناس
05_0371,اكل فائده مستشفى,الطعام صحي
05_0372,قلم لون ازرق,القلم ازرق
05_0373,لون قلم انا خاص,القلم هذا لي
05_0374,مدرسه جميل,الكتاب رائع
05_0375,ترجمه سريع ذكي,المترجم سريع وذكي
05_0376,نوم فندق ممتاز سعيد,النوم بالفندق مريح
05_0377,ولد هو كتابه,الولد يكتب الدرس
05_0378,ولد شخص لعب,الولد يلعب
05_0379,مع_السلامه,الى اللقاء
05_0380,ام نداء انا اخ,امي تنادي اخي
05_0381,انا فهم لغه اشاره قليل,انا افهم لغه الاشاره قليلا
05_0382,انا كره طفل بكاء,انا اكره بكاء الطفل
05_0383,انا سعيد سبب مشاهده,انا سعيد برويتك
05_0384,انا عمر اثنان_ثلاثون سن,انا عمري ٣٢ سنه
05_0385,هو حب قهوه كوفي,انت تحب القهوه
05_0386,هو شخص ذكي,انت شخص ذكي
05_0387,هو سوال منزل موقع سوال,ما هو عنوان منزلك
05_0388,انا جد ماضي شراء مزرعه,جدي اشترى مزرعه
05_0389,جد ماضي حب شاي اب انا حب قهوه,جدي يحب الشاي و ابي يحب القهوه
05_0390,مدرسه قصه يوجد طاوله هو,كتاب القصه على الطاوله
05_0391,استفهام سوال ابن جيد,كيف حال ابنك
05_0392,استفهام سوال شخص هو اسره جيد,كيف حال اسرتك
05_0393,انا زوج لا_يوجد,انا لست متزوج
05_0394,مع ذهاب,نذهب معا
05_0395,استفهام هو اسم سوال,ما هو اسمك
05_0396,هو عمل سوال,ماذا تعمل
05_0397,انا صم,انا اصم
05_0398,استفهام هو صم,هل انت اصم
05_0399,استفهام هو زوج,هل انت متزوج
05_0400,كل_يوم صباح مشي وقت اثنان,يوميا في الصباح امشي لمده ساعتين
05_0401,انا رغبه اكل مكرونه,اريد ان اكل المكرونه
05_0402,انا رغبه شراء بيض رز,اريد شراء البيض و الرز
05_0403,انا رغبه ذهاب بحر,اريد ان اذهب الى البحر
05_0404,هو بنت شخص حذاء اسود فستان لون وردي,البنت ترتدي حذاء اسود و فستان وردي
05_0405,صيف ذهاب صيد سمكه,في الصيف اذهب لصيد السمك
05_0406,انا اخ حب لون احمر,اخي يحب اللون الاحمر
05_0407,سرير خفيف سعيد,السرير مريح
05_0408,كلب خلف منزل,الكلب خلف الحائط
05_0409,انا سن الم سن,عندي الم في اسناني
05_0410,انا حفيد مع ذهاب قهوه كوفي,انا و احفادي ذهبنا الى المقهى
05_0411,انا اسف,انا اسف
05_0412,فندق داخل برد,الفندق بارد
05_0413,انا ابن ت س م م بطن,ابني يعاني من تسمم غذائي
05_0414,انا حب لا ال ب ق و ل ي ا ت,لا احب البقوليات
05_0415,انا معرفه سبب اختبار,انا اذاكر للاختبار
05_0416,انا وضوء قبل نوم,انا اتوضا قبل النوم
05_0417,ام نار خلط غرفه خلط,امي تطبخ الفطور في المطبخ
05_0418,طفل لعب بحر قريب,الطفل يلعب على الشاطى
05_0419,انا حب برد,احب البرد
05_0420,انا حب تفاحه موزه انواع صيف,احب اكل الفاكهه في الصيف
05_0421,انا لقاء اقارب مباراه,التقي باقاربي في المباراه
05_0422,سوال موقع بيع,اين المتجر
05_0423,انا ابن بنت بطن,ابنتي تعاني من الم في المعده
05_0424,انا اخ رغبه لا ال خ س,اختي لا تحب الخس
05_0425,دجاج طير في ب ر و ت ي ن,الدجاج فيه بروتين
05_0426,انا اخ مع ارنب قصه رمايه,اخي في فريق الرمايه
05_0427,انتظار اخ بنت جامعه,انتظر اختي في الجامعه
05_0428,شخص خدمه نحيف ركض سرعه,النادل نحيل وسريع
05_0429,طفل بكاء صراخ ازعاج,بكاء الطفل مزعج
05_0430,اخ بنت جديله لون اصفر,شعر اختي طويل ولونه اشقر
05_0431,ذاكره نسيان تذكره طياره,لقد نسيت تذكره الطياره
05_0432,لا طاوله كرسي لا,لا تجلس على الطاوله
05_0433,رغبه وقت اتقان د هضمي,اريد موعد مع طبيب الجهاز الهضمي
05_0434,ولد هو اختفاء شرطه,هرب الرجل من الشرطه
05_0435,انا غسل_وجه صباح,اغسل وجهي في الصباح
05_0436,انا شراء انا اخ شراء دراجه_ناريه,اشترى اخي دراجه ناريه
05_0437,انا منزل مدرسه اخر نهايه,انتهيت من واجباتي المدرسيه
05_0438,حقيبه_يد حقيبه_ظهر حقيبه_يد خفيف لا,الحقيبه ليست خفيفه
05_0439,كلب جبل صعود,الكلب يصعد الجبل
05_0440,ولد كتابه جدار كتابه,الولد يكتب على الجدار
05_0441,انا الثلاثاء شراء تصوير,ساشتري كاميرا يوم الثلاثاء
05_0442,ممنوع كرسي لا_2,ممنوع الجلوس
05_0443,سوال مال سوال صوره اسود بطن,كم سعر تصوير الموجات فوق الصوتيه للبطن
05_0444,استفهام لوحه الثلاثاء مفتوح هو,هل المحل مفتوح يوم الثلاثاء
05_0445,هو ثلج قليل هنا,الثلج نادر هنا
05_0446,هو تاريخ وقت ولاده,متى موعد الولاده
05_0447,انا حضور تاريخ وقت محدد تاخير,حضرت للموعد متاخر
05_0448,انا رغبه شكوى سبب ازعاج,اريد تقديم شكوى بسبب الازعاج
05_0449,انا اخ رغبه طياره تخفيض,ابي يريد بدل اعاقه
05_0450,انا رغبه كلمه منزل نقل,اريد نقل ملكيه المنزل
05_0451,هو ملكيه منزل خوف انا,هو مالك المنزل الجديد
05_0452,انا جد رغبه حب سوال اخبار تلفاز,جدي يحب مشاهده الاخبار التلفزيونيه
05_0453,انا اخ بناء سوال جبل,اخي يبني بيت فوق الجبل
05_0454,رياضه فائده صحه,الرياضه مفيده للصحه
05_0455,انا مشاهده هويه نظر سوال الاربعاء,لقد وجدت هويتي يوم الاربعاء
05_0456,استفهام بطاقه يوجد,هل لديك رخصه
05_0457,ممنوع اكل بقره جبن انواع,ممنوع ان اكل منتجات الالبان
05_0458,انا جد جيد غني,جدي جيد وغني
05_0459,تقديم فقير اكل,اعطي الفقير اكل
05_0460,استفهام حب بقره او عصير,هل تحب الحليب ام العصير
05_0461,انا غرفه لون وردي,غرفتي لونها وردي
05_0462,موقع منزل سوال,ما هو عنوانك
05_0463,انا ضياع كتاب قصه,فقدت كتاب القصه
05_0464,اتصال زوج,اتصلت بزوجي
05_0465,هو طير دخل سرير تحت,الطائر تحت السرير
05_0466,انا طاعه جد,انا احترم جدي
05_0467,الان تاريخ اثنان عشر,اليوم هو الثاني من اكتوبر
05_0468,انا غدا منزل ترتيب تنظيف,انا ارتب المنزل يوميا
05_0469,استئذان غدا عوده,من قضلك تعال غدا
05_0470,انا رغبه دوره_مياه,اريد ان اذهب الى الحمام
05_0471,زوج هو شراء كل_يوم الجمعه منزل اعطاء,زوجي يشتري اغراض المنزل يوم الجمعه
05_0472,رغبه لا انتظار,اكره الانتظار
05_0473,مال دفع بطاقه سياره مال رخيص,رسوم رخصه القياده رخيصه
05_0474,انا رغبه صوره_شخصيه اربع,انا اريد اربع صور ضوئيه
05_0475,انا اخ عمل بدون,اخي عاطل عن العمل
05_0476,عمر ام انا اثنان_ثلاثون سن,عمر امي اثنان و ثلاثون سنه
05_0477,هو استفهام هو ولد شخص صفه سرقه سوال,صف الرجل الذي سرق
05_0478,هو ولد ولاده اتقان صباح,ولد الطفل سليم في الصباح
05_0479,مشاهده صعب تقلب سبب ازعاج صراخ,اجد صعوبه في النوم بسبب الازعاج
05_0480,انا اخ بنت زواج تاريخ السبت قادم,اختي ستتزوج يوم السبت القادم
05_0481,انا مشاهده معرفه مدرسه,انا استمع للدرس
05_0482,انا حفظ مدرسه داخل مدرسه,انا احفظ الدرس في المدرسه
05_0483,انا ام عمل داخل منزل داخل,امي تعمل في البيت
05_0484,انا رغبه تحويل د بطن,اريد تحويل من طبيب الجهاز الهضمي
05_0485,تاريخ سوال د عوده تاريخ سوال,متى سيعود الطبيب الى المستشفى
05_0486,انا ابن بنت عمر اربع_سنوات,ابنتي عمرها اربع سنوات
05_0487,انا سياره حافله,انا اقود الحافله
05_0488,انا زياره هو جد اسبوع مستمر,ازور جدي كل اسبوع
05_0489,انا سعيد سبب صيف اغلاق,انا سعيد بعطله الصيف
05_0490,انا لبس بنطال لون ازرق,انا البس بنطلون جينز ازرق
05_0491,انا استفراغ دوخه حمى الان,انا اتقيا واعاني من دوخه وحمى الان
05_0492,انا ذهاب فيلم سينما وقت اثنان ليل,انا اذهب الى السينما الساعه الثانيه مساء
05_0493,انا اخ عضو مع السعوديه قصه كره_قدم,اخي عضو في الفريق السعودي لكره القدم
05_0494,بيع جد بيع مزرعه,باع جدي المزرعه
05_0495,معلم بنت نداء اخ بنت,المعلمه تنادي اختي
05_0496,دراجه_ناريه هو خطر,الدراجه الناريه خطيره
05_0497,سوال اخر شهاده سوال,ما هي نتائج الاختبار
05_0498,انا غسل_يد قبل اكل,اغسل يدي قبل الاكل
05_0499,بنت هو لبس لون ابيض,المراه ترتدي لبس ابيض
05_0500,استفهام نسخ بطاقه هو,هل لديك نسخه من التصريح
06_0001,سوال هو,من هو
06_0002,هو معلم لغه اشاره,هو مدرس لغه اشاره
06_0003,استفهام هو معلم هو,هل انت مدرس
06_0004,هو معلم لا انا مدرسه,انت لست مدرس انا طالب
06_0005,هو سوال,هو من
06_0006,هو صديق مدرسه,هو زميلي في المدرسه
06_0007,استفهام هو صديق مدرسه,هل هو زميلك في المدرسه
06_0008,انا اسره رقم ثلاث اشخاص,اسرتي تتكون من ثلاث اشخاص
06_0009,رقم عمر ابن بنت,كم عمر ابنتك
06_0010,عمر اربع سن عمر,عمرها اربع سنوات
06_0011,عمر سن خمسون سن,عمره خمسين سنه
06_0012,سوال بنت ابن,اين ابنته
06_0013,عمر ابن خمسون سن,عمر ابنه خمسين سنه
06_0014,معرفه هو لغه اشاره,هو يعرف لغه الاشاره
06_0015,معرفه لغه اشاره,اعرف لغه الاشاره
06_0016,هو معرفه ام لغه اشاره,هل تعرف والدتك لغه الاشاره
06_0017,لا معرفه لغه اشاره,لا تعلم لغه الاشاره
06_0018,ممكن هو قدره كتابه اسم هو,ممكن تكتب اسمك
06_0019,انا كتابه,انا اكتب
06_0020,استفهام تاريخ الان سوال,ما هو تاريخ اليوم
06_0021,الان واحد شهر عشر,اليوم هو واحد اكتوبر
06_0022,انا ذهاب مدرسه سبب كره_قدم,انا اذهب الى المدرسه لالعب كره القدم
06_0023,انا قلب قدره,انوي القيام به
06_0024,هو رغبه شرب سوال,ماذا تريد ان تشرب
06_0025,انا رغبه شرب شاي,انا اريد ان اشرب الشاي
06_0026,هو رغبه اكل سوال,ماذا تريد ان تاكل
06_0027,انا رغبه اكل رز,اريد ان اكل رز
06_0028,انا رغبه ذهاب مكتبه بعد صيف,اريد ان اذهب الى المكتبه بعد الظهر
06_0029,هو رغبه بعد صيف سوال,ماذا تريد ان تفعل بعد الظهر
06_0030,انا رغبه ذهاب لوحه بقاله,اريد ان اذهب الى السوبرماركت بعد الظهر
06_0031,سبب رغبه شراء,ماذا تريد ان تشتري
06_0032,انا رغبه كوب شراء,اريد شراء كوب
06_0033,انا رغبه معرفه لغه اشاره,اريد ان اتعلم لغه الاشاره
06_0034,انا رغبه ذهاب مدرسه سبب قراءه غدا,اريد ان اذهب الى المدرسه لقراءه الكتب غدا
06_0035,رقم معلم مدرسه هو,كم عدد المدرسين في مدرستك
06_0036,رقم اشخاص مدرسه هو مدرسه,كم عدد الاشخاص في مدرستك
06_0037,سوال قط,اين القطه
06_0038,قط صغير تحت طاوله,القط الصغير تحت الطاوله
06_0039,اب هو منزل يوجد,والدك في المنزل
06_0040,لا منزل لا_يوجد,ليس في المنزل
06_0041,سوال اب,اين والدك
06_0042,اب مستشفى يوجد,والدي في المستشفى
06_0043,سوال عمل,اين يعمل
06_0044,صديق انا مدرسه,صديقي في المدرسه
06_0045,انا ام منزل,امي في المنزل
06_0046,سوال كوب شرب,اين الكوب
06_0047,سوال صديق هو,اين اصدقائك
06_0048,قراءه سوال مكان مدرسه,القراءه في المدرسه
06_0049,طاوله هو سوال,ماذا يوجد على الطاوله
06_0050,طاوله كتاب لاب_توب يوجد,هناك كتب و كمبيوترعلى الطاوله
06_0051,هو اسم هو,ما اسمه
06_0052,اسم هو ولد خلف,ما اسم ذلك الرجل في الخلف
06_0053,استئذان انا كرسي الان,ممكن اجلس على الكرسي
06_0054,استئذان دعوه كرسي,من فضلك اجلس
06_0055,سوال كرسي يوجد سوال,ماذا يوجد على الكرسي
06_0056,كرسي قط صغير فوق_كرسي,هناك قط صغير على الكرسي
06_0057,يوجد مدرسه يوجد بيع,يوجد متجر في المدرسه
06_0058,رقم وقت الان,كم الوقت الان
06_0059,وقت سوال عشر,الساعه العاشره
06_0060,وقت هو صيف اكل وقت سوال,متى تاكل في الظهر
06_0061,تاريخ وقت اب انا منزل اخر تاريخ,متى سيعود ابي الى المنزل
06_0062,وقت خمس ليل,الوقت الخامسه مساء
06_0063,هو تاريخ ذهاب سينما فيلم تاريخ,متى نذهب الى السينما
06_0064,هو الان مطر,يوجد مطر الان
06_0065,لا مطر الان لا,لا يوجد مطر الان
06_0066,لا برد الان,لا يوجد برد الان
06_0067,سوال صحه هو,كيف حالك
06_0068,شكر د,شكرا دكتور
06_0069,هو مطر غدا,هل ستمطر غدا
06_0070,لا غدا مطر لا,لن تمطر غدا
06_0071,هو عمل سوال,ماذا تعمل
06_0072,انا شعر قراءه,انا اقرا
06_0073,انا شراء تفاحه موزه انواع,انا اشتريت فواكه
06_0074,انا سعيد مقابله,انا سعيد بلقائك
06_0075,هو رغبه رياضه سوال قلب رغبه سوال,ما هي الرياضه التي تحبها
06_0076,انا حب كره_قدم كثير حب,احب لعب كره القدم كثيرا
06_0077,سوال هو شراء تفاحه,هل اشتريت التفاح
06_0078,انا شراء تفاحه لا_يوجد,انا لم اشتري التفاح
06_0079,هو لبس جيد حلو,لبسه جميل
06_0080,جو برد قليل,الجو بارد قليلا
06_0081,انا الان ماضي تعب,كنت متعب قليلا امس
06_0082,هو مشاهده هاتف مشاهده,هل رايت هاتفي
06_0083,هو صديق انا,هو صديقي
06_0084,سوال عمر اخ هو,كم هو عمر اخيك
06_0085,انا استيقاظ وقت خمس صباح كل_يوم,استيقظ في الخامسه كل صباح
06_0086,نهايه كتابه منزل نهايه,انتهيت من واجباتي
06_0087,انا خلط اكل خلط كل_يوم ليل,اطبخ كل ليله
06_0088,انا خوف,انا خائف
06_0089,سبب خوف,لماذا انت خائف
06_0090,دعوه مع دعوه اكل ليل دعوه الان ليل,لنتناول العشاء معا الليله
06_0091,سوال كرسي حمام,اين الحمام
06_0092,انا رغبه شرب بقره,اريد ان اشرب الحليب
06_0093,اعاده عوده مدرسه حافله,نعود الى المدرسه بالحافله
06_0094,هو اكل صباح اكل هو,هل اكلت الفطور
06_0095,انا اب خلط اكل نارغرفه,ابي يعد العشاء في المطبخ
06_0096,مكتبه مدرسه جميل,مكتبه المدرسه جميله
06_0097,لا حب اكل موز,لا احل اكل الموز
06_0098,كتاب جواز تذكره طياره حقيبه_يد يوجد,جواز سفري و تذكره الطياره في الحقيبه
06_0099,انا اب حادث,تعرض ابي لحادث
06_0100,انا اكل ليل وقت تسع,انا اكل العشاء الساعه التاسعه
06_0101,انا زوج عمل كثير,زوجي يعمل كثيرا
06_0102,زوج عمل سوال اكل لوحه,زوجي يعمل في المطعم
06_0103,هو طفل رغبه لعب انواع كثير,يريد الطفل العاب متنوعه
06_0104,رغبه حذاء خوف,اريد حذاء جديد
06_0105,انا رغبه تلفاز حاسب خوف,اريد كمبيوتر جديد
06_0106,هو رغبه دراجه,اريد دراجه
06_0107,زهره مطر رغبه,الزهور تحتاج المطر
06_0108,استفهام هو جوع اكل هو,هل انت جائع
06_0109,هو يوجد سلطه اتقان,هل لديك سلطه طازجه
06_0110,استفهام هو تفاحه اتقان,هل لديك تفاح طازج
06_0111,اخ جوع,اخي جائع
06_0112,هو ام جوع,والدتك جائعه
06_0113,الان تفاحه موزه يوجد لوحه,يوجد اليوم تفاح و موز في السوبرماركت
06_0114,هو مساعده,هل تساعدني
06_0115,شرطه استفهام منزل ام سوال,يسالني الشرطي عن مكان والدتي
06_0116,تاريخ زوج هو ذهاب سينما,متى سيذهب زوجك للسينما
06_0117,معلم ذهاب مركز صم يوم الاربعاء,يذهب المعلم الى مركز الصم يوم الاربعاء
06_0118,شخص صم ذهاب مركز صم,يذهب الاصم الى مركز الصم
06_0119,انا بيتزا سوال لوحه اكل,انا اكل البيتزا في المطعم
06_0120,هو رغبه حب اكل شوكولاته بسكوت حب هو,تحب ان تاكل البسكوت و الشوكولاته
06_0121,انا سياره ركوب ذهاب لوحه بقاله شوكولاته,انا اقود الى السوبرماركت
06_0122,بنت دراجه,البنت تركب دراجه
06_0123,انا صديق دراجه ماضي,ركب صديقي دراجه امس
06_0124,شرطه دراجه_ناريه,يركب الشرطي دراجه ناريه
06_0125,ولد صم هو سياره قدره,الرجل الاصم يقود سياره
06_0126,مدرسه شخص سياره ذهاب وصل مركز سياره,ياتي الطالب الى المعهد بالسياره
06_0127,استفهام الحذاء مشاهده سوال,هل رايت الحذاء
06_0128,هو قدره مشاهده نظاره,هل رايت النظارات
06_0129,لاب_توب حاسب مشاهده لاب_توب,هل رايت الكمبيوتر
06_0130,انا ذهاب سينما الان ليل,انا ذاهب الى السينما الليله
06_0131,اخ ذهاب اكل لوحه,ذهب اخي الى المطعم
06_0132,انا ذهاب لوحه شوكولاته بقاله انواع شراء,انا ذاهب الى السوبرماركت
06_0133,زوج ذهاب لوحه بقاله,يذهب الزوج الى السوبرماركت
06_0134,دعوه نداء اكل رغبه تعداد,اطلب من النادل
06_0135,الان برد ليل برد,الجو بارد الليله
06_0136,الان برد ماضي مركز صم,شعرت بالبرد في مركز الصم امس
06_0137,انا شعور برد حافله داخل ليل الان,انا اشعر بالبرد في الحافله الليله
06_0138,شراء شاي شرب رغبه هو,هل تريد شراء الشاي
06_0139,انا شراء شوكولاته,انا اشتري الشوكولاته
06_0140,ولد شخص شراء ماء,الولد يشتري الماء
06_0141,انا غدا حاسب شراء,سوف اشتري كمبيوتر غدا
06_0142,الان خس ال خ س لوحه بقاله,اليوم نشتري الخس من السوبرماركت
06_0143,انا الان خلط اكل,انا اطبخ الان
06_0144,الان خلط لا,لا اطبخ الان
06_0145,وقت سوال حافله دخول,متى تاتي الحافله
06_0146,وقت رئيس ذهاب وقت سوال,متى ياتي الرئيس
06_0147,رقم بسكوت مال تفاحه مال رقم,كم سعر البسكوت والتفاح
06_0148,زوج هو معرفه لغه اشاره,زوجك يتعلم لغه الاشاره
06_0149,هو صديق هو معرفه لغه اشاره,صديقك يتعلم لغه الاشاره
06_0150,بنت هو قراءه,المراه تقرا
06_0151,ولد قراءه,الولد يقرا
06_0152,صديق كتاب قراءه,صديقي يقرا كتاب
06_0153,ام قراءه كل_يوم السبت,الام تقرا كتاب يوم السبت
06_0154,اخ حب كتاب خوف هو,يحب اخوك قراءه كتاب جديد
06_0155,انا حب شاي,نحن نحب الشاي
06_0156,انا حب بقره اتقان,انا احب الحليب الطازج
06_0157,طفل حب ثلج هو,الطفل يحب الثلج
06_0158,انا حب شوكولاته بقره,انا احب الشوكولاته و الحليب
06_0159,هو حب شوكولاته بسكوت,تحب الشوكولاته او البسكوت
06_0160,سلطه اتقان ممتاز,السلطه الطازجه طعمها جيد
06_0161,موزه تفاحه اتقان ممتاز جيد,طعم الموز والتفاح الطازج جيد
06_0162,انا صديق كتابه,صديقي يكتب
06_0163,ممكن صديق قدره كتابه,يمكن لصديقي ان يكتب
06_0164,لعب هو ممتاز,اللعبه جميله
06_0165,انا بحث تفاحه احمر,انا ابحث عن تفاح احمر
06_0166,هو رغبه قهوه شاي رغبه سوال,هل تريد قهوه او شاي
06_0167,هو بحث قهوه شاي,هل تريد شاي ام قهوه
06_0168,انا بحث تفاحه احمر شوكولاته,انا ابحث عن تفاح احمر و شوكولاته
06_0169,رئيس اتصال,الرئيس على الهاتف
06_0170,استفهام غدا صديق لقاء,هل ستلتقي بصديقك غدا
06_0171,انا غدا صديق لقاء,سالتقي بصديقي غدا
06_0172,هو شرب هو,هو يشرب ماء
06_0173,انا شرب ماضي,شربت الماء امس
06_0174,ولد شخص ماء هو,الولد يشرب الماء
06_0175,نسيان دراجه,نسيت الدراجه
06_0176,انا جميع جوع,نحن جائعون
06_0177,حافله خوف هو,الحافله جديده
06_0178,سوال بيتزا,اين البيتزا
06_0179,نظاره غالي,النظارات غاليه
06_0180,حذاء رخيص,الحذاء رخيص
06_0181,حاسب لاب_توب غالي,الكمبيوتر غالي السعر
06_0182,شوكولاته صحه,الشوكولاته صحيه
06_0183,اب مستشفى منزل سبب حادث,والدي في المستشفى لانه تعرض لحادث
06_0184,استئذان عصير تفاحه,من فضلك اعطني عصير تفاح
06_0185,رغبه صوره قط صغير,ابني يريد تصوير القط الصغير
06_0186,انا خوف ولاده قبل وقت,اخاف من الولاده قبل الاوان
06_0187,انا ام ذهاب مستشفى سبب مرض,ذهبت والدتي الى المستشفى لانها مريضه
06_0188,انا نوم تقلب,اجد صعوبه في النوم
06_0189,ابن زعل سبب كلب موت,ابني حزين لان الكلب مات
06_0190,جد ماضي هو حزن سبب طير موت,جدي حزين لان الطائر مات
06_0191,انا زعل سبب قط موت الان صباح,انا حزين لان قطتي ماتت هذا الصباح
06_0192,انا ذهاب مزرعه شراء بيض موزه انواع,اذهب الى المزرعه لشراء البيض و الموز
06_0193,وجوب استيقاظ وقت سبع كل_يوم,يجب ان استيقظ الساعه السادسه كل يوم
06_0194,انا صديق صم قدره ترجمه اشاره,صديقي اصم لكن يمكنني ان اترجم له
06_0195,استئذان تذكره طياره عطاء,من فضلك اعطني تذكره الرحله
06_0196,ترجمه ذهاب مركز الثلاثاء مستمر,المترجم يذهب الى المعهد كل يوم ثلاثاء
06_0197,انا حفيد رغبه سباحه بحر,احفادي يرغبون السباحه في البحر
06_0198,انا معرفه اخبار ترجمه مشاهده معرفه,انا افهم الاخبار مع الترجمه
06_0199,مشاهده شاشه قليل مشاهده اخبار,نادرا اشاهد الاخبار التلفزيونيه
06_0200,انا غدا وقت اثنان عمل خلاص,ينتهي عملي غدا الساعه الثانيه
06_0201,هو هاتف اتصال شرطه,انت اتصلت بالشرطه
06_0202,رغبه ساعه تخفيض طياره معاق,اريد خصم الرحله للمعاقين
06_0203,انا اسم سياره اسم,اريد نقل ملكيه سيارتي
06_0204,استفهام صدر خوف مسوول سوال سياره اسم,من سيكون المالك الجديد
06_0205,هو وجوب شرب زياده,يجب ان تشرب الكثير من الماء
06_0206,كتاب صباح صيف مكتبه لوحه صباح صيف,المكتب مفتوح في الصباح و الظهر
06_0207,ولد سرق هاتف,سرق شخص ما هاتفي
06_0208,انا ولد هو هاتف اخذ اختفاء,اخذ رجل الهاتف وهرب
06_0209,انت سوال ذهاب جري,الى اين ركض
06_0210,مستمر جري بحر,ركض الى الشاطئ
06_0211,سوال هو ماضي هو,اين كنت
06_0212,هو ماضي كوفي انتظار,كنت في مقهى
06_0213,هو انا بحث هاتف بحث جواب,سوف ابحث عن الهاتف و نبلغك
06_0214,هو رغبه اسبوع اخر راحه سعيد,اتمنى لك عطله نهايه اسبوع سعيده
06_0215,انا رغبه جواز سفر رغبه,اريد الحصول على جواز سفر
06_0216,رغبه شكوى,اريد تقديم شكوى
06_0217,انا رغبه طبيب د,انا بحاجه الى طبيب
06_0218,د يوجد غدا يوجد,الطبيب موجود غدا
06_0219,مشكله سوال,ما المشكله
06_0220,انا لا صحه سيئ,صحتي غير جيده
06_0221,انا استفراغ ثاني اسهال انا,انا اتقيا و اعاني من الاسهال
06_0222,تاريخ سوال اسهال تاريخ فتح,منذ متى تعاني من الاسهال
06_0223,ثلاث قبل,ثلاث ايام
06_0224,هو حمى هو,هل لديك حمى
06_0225,نعم انا دوخه,نعم انا اعاني من دوخه
06_0226,انا ماضي ثلاث اكل سوال,ماذا اكلت قبل ثلاث ايام
06_0227,انا رغبه وقت موعد صوره بطن رغبه,اريد موعدا لاجراء تصوير البطن بالموجات فوق الصوتيه
06_0228,هو تجنب بقره خضار انواع تجنب,تجنب منتجات الالبان و الخضار
06_0229,انا قدره دجاج سمكه,يمكنني اكل الدجاج و السمك
06_0230,تمام اريد اكل رز مكرونه قدره,بالطبع يمكن ان تاكل الرز و المكرونه
06_0231,انا عمل لا_يوجد تامين لا_يوجد,انا عاطل عن العمل و ليس لدي تامين
06_0232,هو دفع مال سوال,اين دفع الرسوم
06_0233,بنك اي_شي,في احد البنوك
06_0234,هو مقابله ملكيه مقابله محادثه,هل تحدثت الى المالك
06_0235,اعاده عوده ثلاث عوده,تعال مره اخرى بعد ثلاث ايام
06_0236,هو عوده مع هو,هل جئتم معا
06_0237,ان_شاء_الله غدا دفع,ان شاء الله ادفع غدا
06_0238,رغبه مستقبل سعيد,اتمنى لك مستقبل سعيد
06_0239,مهم بطاقه هويه اخذ صوره,احتاج الى بطاقه الهويه و صوره ضوئيه
06_0240,ولد سرقه حقيبه_يد,سرق الرجل حقيبتي
06_0241,هو اختبار اخر شهاده,سيتم اختبارك و ستحصل على النتائج
06_0242,هو رخصه رسمي واحد ثلاث,ستكون الرخصه جاهزه في غضون ثلاث اسابيع
06_0243,بطاقه سوال اسابيع ثلاث,سيكون التصريح جاهز في غضون ثلاث اسابيع
06_0244,جواز كتاب اتقان ممكن عشر_ايام,سيكون جواز السفر جاهز في غضون عشر ايام
06_0245,وجوب دفع جواز سفر,يجب عليك دفع رسوم جواز السفر
06_0246,شكر,شكرا
06_0247,شكر مساعده,شكرا لمساعدتك
06_0248,صباح خير,صباح الخير
06_0249,صباح خير طاعه خدمه سوال,صباح الخير كيف يمكنني ان اخدمك
06_0250,صباح خير هو رغبه مساعده,صباح الخير هل تحتاج مساعده
06_0251,ولد صفه سوال,صف الرجل
06_0252,ولد طويل نحيف شعر اصفر قصير,كان الرجل طويل ونحيل وشعره اشقر قصير
06_0253,انا بطن الم,عندي الم في المعده
06_0254,انا جواز تاريخ انتهاء,جواز سفري منتهي الصلاحيه
06_0255,سبب ولد شخص لبس سوال,ماذا كان يرتدي الرجل
06_0256,ولد لبس بنطال احمر حذاء ابيض,الرجل يرتدي بنطال احمر و حذاء ابيض
06_0257,سوال جواز تاريخ انتهاء تاريخ سوال,ماهو تاريخ نهايه صلاحيه الجواز
06_0258,سن خمس,خمس سنوات
06_0259,سوال ضياع حقيبه_يد,كيف فقدت الحقيبه
06_0260,ماضي مرض خطر,اصبت بمرض خطير
06_0261,هاتف هويه ضياع سوال,كيف فقدت هاتفك و هويتك
06_0262,هو بطن ت س م م,لديك تسمم غذائي
06_0263,انا هويه ضياع,فقدت هويتي
06_0264,انا ممتاز اتقان,حالي ممتاز
06_0265,وقت مسافه طياره خارج مسافه تاريخ سوال,ما هي الفتره التي ستقضيها بالسفر الى الخارج
06_0266,تاريخ سرقه تاريخ سوال,متى حدثت السرقه
06_0267,ماضي,منذ زمن
06_0268,تاريخ فتح مرض,متى بدا المرض
06_0269,مرض ماضي صغير مرض,مرضت عندما كنت طفل
06_0270,دعوه انا رغبه مساعده,مرحبا انا بحاجه الى مساعده
06_0271,انا دعوه طاعه مساعده,مرحبا كيف يمكنني المساعده
06_0272,دعوه اخبار حال جيد,مرحبا ما اخبارك
06_0273,ليل خير,مساء الخير
06_0274,مع_السلامه,مع السلامه
06_0275,سوال ازعاج سوال,من يزعجك
06_0276,هو دواء ماضي يوجد,هل تناولت اي ادويه
06_0277,هو يوجد تحويل د,هل لديك تحويا من الطبيب
06_0278,انا نعم د بطن,نعم من طبيب الجهاز الهضمي
06_0279,هو يوجد تامين,هل لديك تامين
06_0280,نعم تامين,نعم لدي تامين
06_0281,هو رخصه سياره هو,هل لديك رخصه سياره
06_0282,هو بطاقه صوره هويه هو,هل عندك بطاقه هويتك
06_0283,ثاني صوره سوال جواز_سفر,و صوره جواز السفر
06_0284,ولاده طفل اتقان,ولد الطفل سليم
06_0285,ولاده ماضي تسع,ولد الطفل قبل الاوان
06_0286,وجوب طلب صوره هويه,يجب عليك احضار صوره من هويتك
06_0287,سوال هو هاتف مشاهده سوال,هل رايت الهاتف
06_0288,طاوله على,على الطاوله
06_0289,استفهام سوال سرقه هاتف هو,من الذي سرق الهاتف
06_0290,هو كتابه تفاصيل حال,اكتب الحدث بالتفصيل
06_0291,هو عضو مع السعوديه قصه,هل انت عضو في الفريق السعودي
06_0292,نعم انا مع السعوديه قصه رمايه صم,نعم انا في الفريق السعودي للرمايه للصم
06_0293,غدا شهاده تقديم,ساحضر الشهاده غدا
06_0294,سوال عمر سن,كم عمرك
06_0295,انا تعليم ولد اخر شهاده,انا ادرس وابني لديه شهاده
06_0296,انا رغبه لا ممتاز,لا احتاج شيء
06_0297,هو قلم يوجد,هل لديك قلم
06_0298,هو كتابه تاريخ الان,اكتب تاريخ اليوم
06_0299,انا رغبه بطاقه سياره,اريد الحصول على رخصه قياده
06_0300,استفهام دواء قدره هو,هل تناولت الدواء
06_0301,انا نوم ليل,انام ليلا
06_0302,انا حب لون ابيض كره لون اسود,احب اللون الابيض واكره اللون الاسود
06_0303,انا رغبه شراء سوق لوحه,اريد ان اشتري اغراض منزلي من السوبرماركت
06_0304,انا اسم ا ح م د,اسمي احمد
06_0305,انا عمل ترجمه لغه اشاره,انا اعمل مترجم لغه اشاره
06_0306,انا قراءه كتاب,انا اقرا الكتاب
06_0307,انا مع اسره مع مشاهده كره_قدم مباراه,انا واسرتي ذهبنا لمشاهده مباراه كره قدم
06_0308,انا رغبه ذهاب مستشفى سبب ابن مرض,اريد الذهاب للمستشفى بسبب ابني مريض
06_0309,انا اب بيع تصوير,ابي باع الكاميرا
06_0310,اب انا لون حب لون ازرق ام لون حب سوال وردي,ابي يحب اللون الازرق وامي تحب اللون الوردي
06_0311,انا حب اب,احب ابي
06_0312,انا حب بنت اخ,احب اختي
06_0313,انا حب صلاه,احب صلاه
06_0314,انا حب اكل,احب الطعام
06_0315,انا حب صديق,احب زميلي
06_0316,انا اخ بنت جميل,اختي جميله
06_0317,انا اخ زواج الثلاثاء قادم,اخي سيتزوج يوم الثلاثاء القادم
06_0318,حقيبه_ظهر حقيبه_يد خفيف,الحقيبه خفيفه
06_0319,انا اخ سياره سرعه,اخي يقود السياره بسرعه
06_0320,انا مساعده ام منزل,اساعد امي في المنزل
06_0321,انا مساعده فقير,اساعد الفقراء
06_0322,انا صديق مدرسه مع ثلاث بنت ولد خمس,اصدقائي في المدرسه ثلاث بنات و خمس اولاد
06_0323,انا معرفه لغه اشاره,انا اتعلم لغه الاشاره
06_0324,انا وضوء صلاه,انا اتوضا للصلاه
06_0325,انا حب كره_قدم صيد سمكه,انا احب كره القدم وصيد السمك
06_0326,انا طاعه سوال معلم,انا احترم المعلم
06_0327,انا زياره اقارب مستمر,انا ازور اقاربي دائما
06_0328,انا عمل معلم مدرسه,انا اعمل معلم مدرسه
06_0329,انا نار خلط صباح اكل,انا اجهز الفطور
06_0330,انا حفظ مدرسه قراءه,انا احفظ الدرس
06_0331,انا مدرسه جامعه,انا ادرس في الجامعه
06_0332,انا معرفه قراءه مدرسه,انا اذاكر دروسي
06_0333,انا ذهاب مدرسه,انا اذهب للمدرسه
06_0334,انا مشي منزل,انا اذهب للمنزل
06_0335,انا فوضى ترتيب غرفه نوم,انا ارتب غرفتي
06_0336,انا طاعه معلم بنت,انا استمع للمعلمه
06_0337,انا ذهاب مع اب صلاه الجمعه,انا ذاهب مع والدي الي صلاه الجمعه
06_0338,انا زوج مع كل_يوم مشي,انا وزوجتي نمشي يوميا
06_0339,اب نوم سرير,ابي ينام على السرير
06_0340,الاسبوع_الماضي جد موت رحمه الله,الاسبوع الماضي جدي مات رحمه الله
06_0341,الاسبوع_الماضي صديق جد موت,الاسبوع الماضي صديقي جده مات
06_0342,الجمعه السبت اجازه,الجمعه و السبت عطله
06_0343,شرطه قال ممنوع انتظار,الشرطي قال ممنوع الانتظار
06_0344,صيف نهايه ذهاب برد,الصيف انتهى و جاء الشتاء
06_0345,غني مساعده فقير,الغني يساعد الفقير
06_0346,ولد ذهاب مدرسه ابتسامه,الولد يخرج من المدرسه سعيد
06_0347,ولد دخل مدرسه خوف,الولد يدخل المدرسه خائف
06_0348,هو ابن بنت اول عمر سن سوال اسم سوال,ابنتك الاولى كم عمرها و ما اسمها
06_0349,رقم عمر ابن ولد,كم عمر ابنك
06_0350,اب هو اسم سوال,ابوك ما اسمه
06_0351,ام اب صم,ابي و امي من الصم
06_0352,انا اخ موزه اكل صباح,اخي ياكل الموز صباحا
06_0353,استيقاظ وقت ست صباح,استيقظ الساعه السادسه فجرا
06_0354,اسف فهم كلام لا انا,اسف لا افهم ما تقول
06_0355,انا اسم م ر ا د,اسمي مراد
06_0356,انا تنظيف_اسنان,اغسل اسناني
06_0357,غسل_وجه,اغسل وجهي
06_0358,غسل_يد,اغسل يدي
06_0359,بحر لون ازرق,البحر ازرق
06_0360,عضل رياضه فائده صحه,البروتين مفيد للجسم
06_0361,منزل جدار لون ابيض,الجدار ابيض
06_0362,مدرسه سهل,الدرس سهل
06_0363,مدرسه مشاهده فائده,الدرس مفيد
06_0364,ولد شخص صعود جبل,الرجل يصعد الجبل
06_0365,السبت ماضي انا تعب,السبت الماضي كنت متعب
06_0366,السلام_عليكم,السلام عليكم
06_0367,ولد بناء منزل جميل,الشاب يبني بيت جميل
06_0368,شباب شخص رغبه سباحه,الشاب يحب السباحه
06_0369,صلاه حلو,الصلاه جميله
06_0370,د مساعده انسان,الطبيب يساعد الناس
06_0371,اكل فائده مستشفى,الطعام صحي
06_0372,قلم لون ازرق,القلم ازرق
06_0373,لون قلم انا خاص,القلم هذا لي
06_0374,مدرسه جميل,الكتاب رائع
06_0375,ترجمه سريع ذكي,المترجم سريع وذكي
06_0376,نوم فندق ممتاز سعيد,النوم بالفندق مريح
06_0377,ولد هو كتابه,الولد يكتب الدرس
06_0378,ولد شخص لعب,الولد يلعب
06_0379,مع_السلامه,الى اللقاء
06_0380,ام نداء انا اخ,امي تنادي اخي
06_0381,انا فهم لغه اشاره قليل,انا افهم لغه الاشاره قليلا
06_0382,انا كره طفل بكاء,انا اكره بكاء الطفل
06_0383,انا سعيد سبب مشاهده,انا سعيد برويتك
06_0384,انا عمر اثنان_ثلاثون سن,انا عمري ٣٢ سنه
06_0385,هو حب قهوه كوفي,انت تحب القهوه
06_0386,هو شخص ذكي,انت شخص ذكي
06_0387,هو سوال منزل موقع سوال,ما هو عنوان منزلك
06_0388,انا جد ماضي شراء مزرعه,جدي اشترى مزرعه
06_0389,جد ماضي حب شاي اب انا حب قهوه,جدي يحب الشاي و ابي يحب القهوه
06_0390,مدرسه قصه يوجد طاوله هو,كتاب القصه على الطاوله
06_0391,استفهام سوال ابن جيد,كيف حال ابنك
06_0392,استفهام سوال شخص هو اسره جيد,كيف حال اسرتك
06_0393,انا زوج لا_يوجد,انا لست متزوج
06_0394,مع ذهاب,نذهب معا
06_0395,استفهام هو اسم سوال,ما هو اسمك
06_0396,هو عمل سوال,ماذا تعمل
06_0397,انا صم,انا اصم
06_0398,استفهام هو صم,هل انت اصم
06_0399,استفهام هو زوج,هل انت متزوج
06_0400,كل_يوم صباح مشي وقت اثنان,يوميا في الصباح امشي لمده ساعتين
06_0401,انا رغبه اكل مكرونه,اريد ان اكل المكرونه
06_0402,انا رغبه شراء بيض رز,اريد شراء البيض و الرز
06_0403,انا رغبه ذهاب بحر,اريد ان اذهب الى البحر
06_0404,هو بنت شخص حذاء اسود فستان لون وردي,البنت ترتدي حذاء اسود و فستان وردي
06_0405,صيف ذهاب صيد سمكه,في الصيف اذهب لصيد السمك
06_0406,انا اخ حب لون احمر,اخي يحب اللون الاحمر
06_0407,سرير خفيف سعيد,السرير مريح
06_0408,كلب خلف منزل,الكلب خلف الحائط
06_0409,انا سن الم سن,عندي الم في اسناني
06_0410,انا حفيد مع ذهاب قهوه كوفي,انا و احفادي ذهبنا الى المقهى
06_0411,انا اسف,انا اسف
06_0412,فندق داخل برد,الفندق بارد
06_0413,انا ابن ت س م م بطن,ابني يعاني من تسمم غذائي
06_0414,انا حب لا ال ب ق و ل ي ا ت,لا احب البقوليات
06_0415,انا معرفه سبب اختبار,انا اذاكر للاختبار
06_0416,انا وضوء قبل نوم,انا اتوضا قبل النوم
06_0417,ام نار خلط غرفه خلط,امي تطبخ الفطور في المطبخ
06_0418,طفل لعب بحر قريب,الطفل يلعب على الشاطى
06_0419,انا حب برد,احب البرد
06_0420,انا حب تفاحه موزه انواع صيف,احب اكل الفاكهه في الصيف
06_0421,انا لقاء اقارب مباراه,التقي باقاربي في المباراه
06_0422,سوال موقع بيع,اين المتجر
06_0423,انا ابن بنت بطن,ابنتي تعاني من الم في المعده
06_0424,انا اخ رغبه لا ال خ س,اختي لا تحب الخس
06_0425,دجاج طير في ب ر و ت ي ن,الدجاج فيه بروتين
06_0426,انا اخ مع ارنب قصه رمايه,اخي في فريق الرمايه
06_0427,انتظار اخ بنت جامعه,انتظر اختي في الجامعه
06_0428,شخص خدمه نحيف ركض سرعه,النادل نحيل وسريع
06_0429,طفل بكاء صراخ ازعاج,بكاء الطفل مزعج
06_0430,اخ بنت جديله لون اصفر,شعر اختي طويل ولونه اشقر
06_0431,ذاكره نسيان تذكره طياره,لقد نسيت تذكره الطياره
06_0432,لا طاوله كرسي لا,لا تجلس على الطاوله
06_0433,رغبه وقت اتقان د هضمي,اريد موعد مع طبيب الجهاز الهضمي
06_0434,ولد هو اختفاء شرطه,هرب الرجل من الشرطه
06_0435,انا غسل_وجه صباح,اغسل وجهي في الصباح
06_0436,انا شراء انا اخ شراء دراجه_ناريه,اشترى اخي دراجه ناريه
06_0437,انا منزل مدرسه اخر نهايه,انتهيت من واجباتي المدرسيه
06_0438,حقيبه_يد حقيبه_ظهر حقيبه_يد خفيف لا,الحقيبه ليست خفيفه
06_0439,كلب جبل صعود,الكلب يصعد الجبل
06_0440,ولد كتابه جدار كتابه,الولد يكتب على الجدار
06_0441,انا الثلاثاء شراء تصوير,ساشتري كاميرا يوم الثلاثاء
06_0442,ممنوع كرسي لا_2,ممنوع الجلوس
06_0443,سوال مال سوال صوره اسود بطن,كم سعر تصوير الموجات فوق الصوتيه للبطن
06_0444,استفهام لوحه الثلاثاء مفتوح هو,هل المحل مفتوح يوم الثلاثاء
06_0445,هو ثلج قليل هنا,الثلج نادر هنا
06_0446,هو تاريخ وقت ولاده,متى موعد الولاده
06_0447,انا حضور تاريخ وقت محدد تاخير,حضرت للموعد متاخر
06_0448,انا رغبه شكوى سبب ازعاج,اريد تقديم شكوى بسبب الازعاج
06_0449,انا اخ رغبه طياره تخفيض,ابي يريد بدل اعاقه
06_0450,انا رغبه كلمه منزل نقل,اريد نقل ملكيه المنزل
06_0451,هو ملكيه منزل خوف انا,هو مالك المنزل الجديد
06_0452,انا جد رغبه حب سوال اخبار تلفاز,جدي يحب مشاهده الاخبار التلفزيونيه
06_0453,انا اخ بناء سوال جبل,اخي يبني بيت فوق الجبل
06_0454,رياضه فائده صحه,الرياضه مفيده للصحه
06_0455,انا مشاهده هويه نظر سوال الاربعاء,لقد وجدت هويتي يوم الاربعاء
06_0456,استفهام بطاقه يوجد,هل لديك رخصه
06_0457,ممنوع اكل بقره جبن انواع,ممنوع ان اكل منتجات الالبان
06_0458,انا جد جيد غني,جدي جيد وغني
06_0459,تقديم فقير اكل,اعطي الفقير اكل
06_0460,استفهام حب بقره او عصير,هل تحب الحليب ام العصير
06_0461,انا غرفه لون وردي,غرفتي لونها وردي
06_0462,موقع منزل سوال,ما هو عنوانك
06_0463,انا ضياع كتاب قصه,فقدت كتاب القصه
06_0464,اتصال زوج,اتصلت بزوجي
06_0465,هو طير دخل سرير تحت,الطائر تحت السرير
06_0466,انا طاعه جد,انا احترم جدي
06_0467,الان تاريخ اثنان عشر,اليوم هو الثاني من اكتوبر
06_0468,انا غدا منزل ترتيب تنظيف,انا ارتب المنزل يوميا
06_0469,استئذان غدا عوده,من قضلك تعال غدا
06_0470,انا رغبه دوره_مياه,اريد ان اذهب الى الحمام
06_0471,زوج هو شراء كل_يوم الجمعه منزل اعطاء,زوجي يشتري اغراض المنزل يوم الجمعه
06_0472,رغبه لا انتظار,اكره الانتظار
06_0473,مال دفع بطاقه سياره مال رخيص,رسوم رخصه القياده رخيصه
06_0474,انا رغبه صوره_شخصيه اربع,انا اريد اربع صور ضوئيه
06_0475,انا اخ عمل بدون,اخي عاطل عن العمل
06_0476,عمر ام انا اثنان_ثلاثون سن,عمر امي اثنان و ثلاثون سنه
06_0477,هو استفهام هو ولد شخص صفه سرقه سوال,صف الرجل الذي سرق
06_0478,هو ولد ولاده اتقان صباح,ولد الطفل سليم في الصباح
06_0479,مشاهده صعب تقلب سبب ازعاج صراخ,اجد صعوبه في النوم بسبب الازعاج
06_0480,انا اخ بنت زواج تاريخ السبت قادم,اختي ستتزوج يوم السبت القادم
06_0481,انا مشاهده معرفه مدرسه,انا استمع للدرس
06_0482,انا حفظ مدرسه داخل مدرسه,انا احفظ الدرس في المدرسه
06_0483,انا ام عمل داخل منزل داخل,امي تعمل في البيت
06_0484,انا رغبه تحويل د بطن,اريد تحويل من طبيب الجهاز الهضمي
06_0485,تاريخ سوال د عوده تاريخ سوال,متى سيعود الطبيب الى المستشفى
06_0486,انا ابن بنت عمر اربع_سنوات,ابنتي عمرها اربع سنوات
06_0487,انا سياره حافله,انا اقود الحافله
06_0488,انا زياره هو جد اسبوع مستمر,ازور جدي كل اسبوع
06_0489,انا سعيد سبب صيف اغلاق,انا سعيد بعطله الصيف
06_0490,انا لبس بنطال لون ازرق,انا البس بنطلون جينز ازرق
06_0491,انا استفراغ دوخه حمى الان,انا اتقيا واعاني من دوخه وحمى الان
06_0492,انا ذهاب فيلم سينما وقت اثنان ليل,انا اذهب الى السينما الساعه الثانيه مساء
06_0493,انا اخ عضو مع السعوديه قصه كره_قدم,اخي عضو في الفريق السعودي لكره القدم
06_0494,بيع جد بيع مزرعه,باع جدي المزرعه
06_0495,معلم بنت نداء اخ بنت,المعلمه تنادي اختي
06_0496,دراجه_ناريه هو خطر,الدراجه الناريه خطيره
06_0497,سوال اخر شهاده سوال,ما هي نتائج الاختبار
06_0498,انا غسل_يد قبل اكل,اغسل يدي قبل الاكل
06_0499,بنت هو لبس لون ابيض,المراه ترتدي لبس ابيض
06_0500,استفهام نسخ بطاقه هو,هل لديك نسخه من التصريح
07_0001,سوال هو,من هو
07_0002,هو معلم لغه اشاره,هو مدرس لغه اشاره
07_0003,استفهام هو معلم هو,هل انت مدرس
07_0004,هو معلم لا انا مدرسه,انت لست مدرس انا طالب
07_0005,هو سوال,هو من
07_0006,هو صديق مدرسه,هو زميلي في المدرسه
07_0007,استفهام هو صديق مدرسه,هل هو زميلك في المدرسه
07_0008,انا اسره رقم ثلاث اشخاص,اسرتي تتكون من ثلاث اشخاص
07_0009,رقم عمر ابن بنت,كم عمر ابنتك
07_0010,عمر اربع سن عمر,عمرها اربع سنوات
07_0011,عمر سن خمسون سن,عمره خمسين سنه
07_0012,سوال بنت ابن,اين ابنته
07_0013,عمر ابن خمسون سن,عمر ابنه خمسين سنه
07_0014,معرفه هو لغه اشاره,هو يعرف لغه الاشاره
07_0015,معرفه لغه اشاره,اعرف لغه الاشاره
07_0016,هو معرفه ام لغه اشاره,هل تعرف والدتك لغه الاشاره
07_0017,لا معرفه لغه اشاره,لا تعلم لغه الاشاره
07_0018,ممكن هو قدره كتابه اسم هو,ممكن تكتب اسمك
07_0019,انا كتابه,انا اكتب
07_0020,استفهام تاريخ الان سوال,ما هو تاريخ اليوم
07_0021,الان واحد شهر عشر,اليوم هو واحد اكتوبر
07_0022,انا ذهاب مدرسه سبب كره_قدم,انا اذهب الى المدرسه لالعب كره القدم
07_0023,انا قلب قدره,انوي القيام به
07_0024,هو رغبه شرب سوال,ماذا تريد ان تشرب
07_0025,انا رغبه شرب شاي,انا اريد ان اشرب الشاي
07_0026,هو رغبه اكل سوال,ماذا تريد ان تاكل
07_0027,انا رغبه اكل رز,اريد ان اكل رز
07_0028,انا رغبه ذهاب مكتبه بعد صيف,اريد ان اذهب الى المكتبه بعد الظهر
07_0029,هو رغبه بعد صيف سوال,ماذا تريد ان تفعل بعد الظهر
07_0030,انا رغبه ذهاب لوحه بقاله,اريد ان اذهب الى السوبرماركت بعد الظهر
07_0031,سبب رغبه شراء,ماذا تريد ان تشتري
07_0032,انا رغبه كوب شراء,اريد شراء كوب
07_0033,انا رغبه معرفه لغه اشاره,اريد ان اتعلم لغه الاشاره
07_0034,انا رغبه ذهاب مدرسه سبب قراءه غدا,اريد ان اذهب الى المدرسه لقراءه الكتب غدا
07_0035,رقم معلم مدرسه هو,كم عدد المدرسين في مدرستك
07_0036,رقم اشخاص مدرسه هو مدرسه,كم عدد الاشخاص في مدرستك
07_0037,سوال قط,اين القطه
07_0038,قط صغير تحت طاوله,القط الصغير تحت الطاوله
07_0039,اب هو منزل يوجد,والدك في المنزل
07_0040,لا منزل لا_يوجد,ليس في المنزل
07_0041,سوال اب,اين والدك
07_0042,اب مستشفى يوجد,والدي في المستشفى
07_0043,سوال عمل,اين يعمل
07_0044,صديق انا مدرسه,صديقي في المدرسه
07_0045,انا ام منزل,امي في المنزل
07_0046,سوال كوب شرب,اين الكوب
07_0047,سوال صديق هو,اين اصدقائك
07_0048,قراءه سوال مكان مدرسه,القراءه في المدرسه
07_0049,طاوله هو سوال,ماذا يوجد على الطاوله
07_0050,طاوله كتاب لاب_توب يوجد,هناك كتب و كمبيوترعلى الطاوله
07_0051,هو اسم هو,ما اسمه
07_0052,اسم هو ولد خلف,ما اسم ذلك الرجل في الخلف
07_0053,استئذان انا كرسي الان,ممكن اجلس على الكرسي
07_0054,استئذان دعوه كرسي,من فضلك اجلس
07_0055,سوال كرسي يوجد سوال,ماذا يوجد على الكرسي
07_0056,كرسي قط صغير فوق_كرسي,هناك قط صغير على الكرسي
07_0057,يوجد مدرسه يوجد بيع,يوجد متجر في المدرسه
07_0058,رقم وقت الان,كم الوقت الان
07_0059,وقت سوال عشر,الساعه العاشره
07_0060,وقت هو صيف اكل وقت سوال,متى تاكل في الظهر
07_0061,تاريخ وقت اب انا منزل اخر تاريخ,متى سيعود ابي الى المنزل
07_0062,وقت خمس ليل,الوقت الخامسه مساء
07_0063,هو تاريخ ذهاب سينما فيلم تاريخ,متى نذهب الى السينما
07_0064,هو الان مطر,يوجد مطر الان
07_0065,لا مطر الان لا,لا يوجد مطر الان
07_0066,لا برد الان,لا يوجد برد الان
07_0067,سوال صحه هو,كيف حالك
07_0068,شكر د,شكرا دكتور
07_0069,هو مطر غدا,هل ستمطر غدا
07_0070,لا غدا مطر لا,لن تمطر غدا
07_0071,هو عمل سوال,ماذا تعمل
07_0072,انا شعر قراءه,انا اقرا
07_0073,انا شراء تفاحه موزه انواع,انا اشتريت فواكه
07_0074,انا سعيد مقابله,انا سعيد بلقائك
07_0075,هو رغبه رياضه سوال قلب رغبه سوال,ما هي الرياضه التي تحبها
07_0076,انا حب كره_قدم كثير حب,احب لعب كره القدم كثيرا
07_0077,سوال هو شراء تفاحه,هل اشتريت التفاح
07_0078,انا شراء تفاحه لا_يوجد,انا لم اشتري التفاح
07_0079,هو لبس جيد حلو,لبسه جميل
07_0080,جو برد قليل,الجو بارد قليلا
07_0081,انا الان ماضي تعب,كنت متعب قليلا امس
07_0082,هو مشاهده هاتف مشاهده,هل رايت هاتفي
07_0083,هو صديق انا,هو صديقي
07_0084,سوال عمر اخ هو,كم هو عمر اخيك
07_0085,انا استيقاظ وقت خمس صباح كل_يوم,استيقظ في الخامسه كل صباح
07_0086,نهايه كتابه منزل نهايه,انتهيت من واجباتي
07_0087,انا خلط اكل خلط كل_يوم ليل,اطبخ كل ليله
07_0088,انا خوف,انا خائف
07_0089,سبب خوف,لماذا انت خائف
07_0090,دعوه مع دعوه اكل ليل دعوه الان ليل,لنتناول العشاء معا الليله
07_0091,سوال كرسي حمام,اين الحمام
07_0092,انا رغبه شرب بقره,اريد ان اشرب الحليب
07_0093,اعاده عوده مدرسه حافله,نعود الى المدرسه بالحافله
07_0094,هو اكل صباح اكل هو,هل اكلت الفطور
07_0095,انا اب خلط اكل نارغرفه,ابي يعد العشاء في المطبخ
07_0096,مكتبه مدرسه جميل,مكتبه المدرسه جميله
07_0097,لا حب اكل موز,لا احل اكل الموز
07_0098,كتاب جواز تذكره طياره حقيبه_يد يوجد,جواز سفري و تذكره الطياره في الحقيبه
07_0099,انا اب حادث,تعرض ابي لحادث
07_0100,انا اكل ليل وقت تسع,انا اكل العشاء الساعه التاسعه
07_0101,انا زوج عمل كثير,زوجي يعمل كثيرا
07_0102,زوج عمل سوال اكل لوحه,زوجي يعمل في المطعم
07_0103,هو طفل رغبه لعب انواع كثير,يريد الطفل العاب متنوعه
07_0104,رغبه حذاء خوف,اريد حذاء جديد
07_0105,انا رغبه تلفاز حاسب خوف,اريد كمبيوتر جديد
07_0106,هو رغبه دراجه,اريد دراجه
07_0107,زهره مطر رغبه,الزهور تحتاج المطر
07_0108,استفهام هو جوع اكل هو,هل انت جائع
07_0109,هو يوجد سلطه اتقان,هل لديك سلطه طازجه
07_0110,استفهام هو تفاحه اتقان,هل لديك تفاح طازج
07_0111,اخ جوع,اخي جائع
07_0112,هو ام جوع,والدتك جائعه
07_0113,الان تفاحه موزه يوجد لوحه,يوجد اليوم تفاح و موز في السوبرماركت
07_0114,هو مساعده,هل تساعدني
07_0115,شرطه استفهام منزل ام سوال,يسالني الشرطي عن مكان والدتي
07_0116,تاريخ زوج هو ذهاب سينما,متى سيذهب زوجك للسينما
07_0117,معلم ذهاب مركز صم يوم الاربعاء,يذهب المعلم الى مركز الصم يوم الاربعاء
07_0118,شخص صم ذهاب مركز صم,يذهب الاصم الى مركز الصم
07_0119,انا بيتزا سوال لوحه اكل,انا اكل البيتزا في المطعم
07_0120,هو رغبه حب اكل شوكولاته بسكوت حب هو,تحب ان تاكل البسكوت و الشوكولاته
07_0121,انا سياره ركوب ذهاب لوحه بقاله شوكولاته,انا اقود الى السوبرماركت
07_0122,بنت دراجه,البنت تركب دراجه
07_0123,انا صديق دراجه ماضي,ركب صديقي دراجه امس
07_0124,شرطه دراجه_ناريه,يركب الشرطي دراجه ناريه
07_0125,ولد صم هو سياره قدره,الرجل الاصم يقود سياره
07_0126,مدرسه شخص سياره ذهاب وصل مركز سياره,ياتي الطالب الى المعهد بالسياره
07_0127,استفهام الحذاء مشاهده سوال,هل رايت الحذاء
07_0128,هو قدره مشاهده نظاره,هل رايت النظارات
07_0129,لاب_توب حاسب مشاهده لاب_توب,هل رايت الكمبيوتر
07_0130,انا ذهاب سينما الان ليل,انا ذاهب الى السينما الليله
07_0131,اخ ذهاب اكل لوحه,ذهب اخي الى المطعم
07_0132,انا ذهاب لوحه شوكولاته بقاله انواع شراء,انا ذاهب الى السوبرماركت
07_0133,زوج ذهاب لوحه بقاله,يذهب الزوج الى السوبرماركت
07_0134,دعوه نداء اكل رغبه تعداد,اطلب من النادل
07_0135,الان برد ليل برد,الجو بارد الليله
07_0136,الان برد ماضي مركز صم,شعرت بالبرد في مركز الصم امس
07_0137,انا شعور برد حافله داخل ليل الان,انا اشعر بالبرد في الحافله الليله
07_0138,شراء شاي شرب رغبه هو,هل تريد شراء الشاي
07_0139,انا شراء شوكولاته,انا اشتري الشوكولاته
07_0140,ولد شخص شراء ماء,الولد يشتري الماء
07_0141,انا غدا حاسب شراء,سوف اشتري كمبيوتر غدا
07_0142,الان خس ال خ س لوحه بقاله,اليوم نشتري الخس من السوبرماركت
07_0143,انا الان خلط اكل,انا اطبخ الان
07_0144,الان خلط لا,لا اطبخ الان
07_0145,وقت سوال حافله دخول,متى تاتي الحافله
07_0146,وقت رئيس ذهاب وقت سوال,متى ياتي الرئيس
07_0147,رقم بسكوت مال تفاحه مال رقم,كم سعر البسكوت والتفاح
07_0148,زوج هو معرفه لغه اشاره,زوجك يتعلم لغه الاشاره
07_0149,هو صديق هو معرفه لغه اشاره,صديقك يتعلم لغه الاشاره
07_0150,بنت هو قراءه,المراه تقرا
07_0151,ولد قراءه,الولد يقرا
07_0152,صديق كتاب قراءه,صديقي يقرا كتاب
07_0153,ام قراءه كل_يوم السبت,الام تقرا كتاب يوم السبت
07_0154,اخ حب كتاب خوف هو,يحب اخوك قراءه كتاب جديد
07_0155,انا حب شاي,نحن نحب الشاي
07_0156,انا حب بقره اتقان,انا احب الحليب الطازج
07_0157,طفل حب ثلج هو,الطفل يحب الثلج
07_0158,انا حب شوكولاته بقره,انا احب الشوكولاته و الحليب
07_0159,هو حب شوكولاته بسكوت,تحب الشوكولاته او البسكوت
07_0160,سلطه اتقان ممتاز,السلطه الطازجه طعمها جيد
07_0161,موزه تفاحه اتقان ممتاز جيد,طعم الموز والتفاح الطازج جيد
07_0162,انا صديق كتابه,صديقي يكتب
07_0163,ممكن صديق قدره كتابه,يمكن لصديقي ان يكتب
07_0164,لعب هو ممتاز,اللعبه جميله
07_0165,انا بحث تفاحه احمر,انا ابحث عن تفاح احمر
07_0166,هو رغبه قهوه شاي رغبه سوال,هل تريد قهوه او شاي
07_0167,هو بحث قهوه شاي,هل تريد شاي ام قهوه
07_0168,انا بحث تفاحه احمر شوكولاته,انا ابحث عن تفاح احمر و شوكولاته
07_0169,رئيس اتصال,الرئيس على الهاتف
07_0170,استفهام غدا صديق لقاء,هل ستلتقي بصديقك غدا
07_0171,انا غدا صديق لقاء,سالتقي بصديقي غدا
07_0172,هو شرب هو,هو يشرب ماء
07_0173,انا شرب ماضي,شربت الماء امس
07_0174,ولد شخص ماء هو,الولد يشرب الماء
07_0175,نسيان دراجه,نسيت الدراجه
07_0176,انا جميع جوع,نحن جائعون
07_0177,حافله خوف هو,الحافله جديده
07_0178,سوال بيتزا,اين البيتزا
07_0179,نظاره غالي,النظارات غاليه
07_0180,حذاء رخيص,الحذاء رخيص
07_0181,حاسب لاب_توب غالي,الكمبيوتر غالي السعر
07_0182,شوكولاته صحه,الشوكولاته صحيه
07_0183,اب مستشفى منزل سبب حادث,والدي في المستشفى لانه تعرض لحادث
07_0184,استئذان عصير تفاحه,من فضلك اعطني عصير تفاح
07_0185,رغبه صوره قط صغير,ابني يريد تصوير القط الصغير
07_0186,انا خوف ولاده قبل وقت,اخاف من الولاده قبل الاوان
07_0187,انا ام ذهاب مستشفى سبب مرض,ذهبت والدتي الى المستشفى لانها مريضه
07_0188,انا نوم تقلب,اجد صعوبه في النوم
07_0189,ابن زعل سبب كلب موت,ابني حزين لان الكلب مات
07_0190,جد ماضي هو حزن سبب طير موت,جدي حزين لان الطائر مات
07_0191,انا زعل سبب قط موت الان صباح,انا حزين لان قطتي ماتت هذا الصباح
07_0192,انا ذهاب مزرعه شراء بيض موزه انواع,اذهب الى المزرعه لشراء البيض و الموز
07_0193,وجوب استيقاظ وقت سبع كل_يوم,يجب ان استيقظ الساعه السادسه كل يوم
07_0194,انا صديق صم قدره ترجمه اشاره,صديقي اصم لكن يمكنني ان اترجم له
07_0195,استئذان تذكره طياره عطاء,من فضلك اعطني تذكره الرحله
07_0196,ترجمه ذهاب مركز الثلاثاء مستمر,المترجم يذهب الى المعهد كل يوم ثلاثاء
07_0197,انا حفيد رغبه سباحه بحر,احفادي يرغبون السباحه في البحر
07_0198,انا معرفه اخبار ترجمه مشاهده معرفه,انا افهم الاخبار مع الترجمه
07_0199,مشاهده شاشه قليل مشاهده اخبار,نادرا اشاهد الاخبار التلفزيونيه
07_0200,انا غدا وقت اثنان عمل خلاص,ينتهي عملي غدا الساعه الثانيه
07_0201,هو هاتف اتصال شرطه,انت اتصلت بالشرطه
07_0202,رغبه ساعه تخفيض طياره معاق,اريد خصم الرحله للمعاقين
07_0203,انا اسم سياره اسم,اريد نقل ملكيه سيارتي
07_0204,استفهام صدر خوف مسوول سوال سياره اسم,من سيكون المالك الجديد
07_0205,هو وجوب شرب زياده,يجب ان تشرب الكثير من الماء
07_0206,كتاب صباح صيف مكتبه لوحه صباح صيف,المكتب مفتوح في الصباح و الظهر
07_0207,ولد سرق هاتف,سرق شخص ما هاتفي
07_0208,انا ولد هو هاتف اخذ اختفاء,اخذ رجل الهاتف وهرب
07_0209,انت سوال ذهاب جري,الى اين ركض
07_0210,مستمر جري بحر,ركض الى الشاطئ
07_0211,سوال هو ماضي هو,اين كنت
07_0212,هو ماضي كوفي انتظار,كنت في مقهى
07_0213,هو انا بحث هاتف بحث جواب,سوف ابحث عن الهاتف و نبلغك
07_0214,هو رغبه اسبوع اخر راحه سعيد,اتمنى لك عطله نهايه اسبوع سعيده
07_0215,انا رغبه جواز سفر رغبه,اريد الحصول على جواز سفر
07_0216,رغبه شكوى,اريد تقديم شكوى
07_0217,انا رغبه طبيب د,انا بحاجه الى طبيب
07_0218,د يوجد غدا يوجد,الطبيب موجود غدا
07_0219,مشكله سوال,ما المشكله
07_0220,انا لا صحه سيئ,صحتي غير جيده
07_0221,انا استفراغ ثاني اسهال انا,انا اتقيا و اعاني من الاسهال
07_0222,تاريخ سوال اسهال تاريخ فتح,منذ متى تعاني من الاسهال
07_0223,ثلاث قبل,ثلاث ايام
07_0224,هو حمى هو,هل لديك حمى
07_0225,نعم انا دوخه,نعم انا اعاني من دوخه
07_0226,انا ماضي ثلاث اكل سوال,ماذا اكلت قبل ثلاث ايام
07_0227,انا رغبه وقت موعد صوره بطن رغبه,اريد موعدا لاجراء تصوير البطن بالموجات فوق الصوتيه
07_0228,هو تجنب بقره خضار انواع تجنب,تجنب منتجات الالبان و الخضار
07_0229,انا قدره دجاج سمكه,يمكنني اكل الدجاج و السمك
07_0230,تمام اريد اكل رز مكرونه قدره,بالطبع يمكن ان تاكل الرز و المكرونه
07_0231,انا عمل لا_يوجد تامين لا_يوجد,انا عاطل عن العمل و ليس لدي تامين
07_0232,هو دفع مال سوال,اين دفع الرسوم
07_0233,بنك اي_شي,في احد البنوك
07_0234,هو مقابله ملكيه مقابله محادثه,هل تحدثت الى المالك
07_0235,اعاده عوده ثلاث عوده,تعال مره اخرى بعد ثلاث ايام
07_0236,هو عوده مع هو,هل جئتم معا
07_0237,ان_شاء_الله غدا دفع,ان شاء الله ادفع غدا
07_0238,رغبه مستقبل سعيد,اتمنى لك مستقبل سعيد
07_0239,مهم بطاقه هويه اخذ صوره,احتاج الى بطاقه الهويه و صوره ضوئيه
07_0240,ولد سرقه حقيبه_يد,سرق الرجل حقيبتي
07_0241,هو اختبار اخر شهاده,سيتم اختبارك و ستحصل على النتائج
07_0242,هو رخصه رسمي واحد ثلاث,ستكون الرخصه جاهزه في غضون ثلاث اسابيع
07_0243,بطاقه سوال اسابيع ثلاث,سيكون التصريح جاهز في غضون ثلاث اسابيع
07_0244,جواز كتاب اتقان ممكن عشر_ايام,سيكون جواز السفر جاهز في غضون عشر ايام
07_0245,وجوب دفع جواز سفر,يجب عليك دفع رسوم جواز السفر
07_0246,شكر,شكرا
07_0247,شكر مساعده,شكرا لمساعدتك
07_0248,صباح خير,صباح الخير
07_0249,صباح خير طاعه خدمه سوال,صباح الخير كيف يمكنني ان اخدمك
07_0250,صباح خير هو رغبه مساعده,صباح الخير هل تحتاج مساعده
07_0251,ولد صفه سوال,صف الرجل
07_0252,ولد طويل نحيف شعر اصفر قصير,كان الرجل طويل ونحيل وشعره اشقر قصير
07_0253,انا بطن الم,عندي الم في المعده
07_0254,انا جواز تاريخ انتهاء,جواز سفري منتهي الصلاحيه
07_0255,سبب ولد شخص لبس سوال,ماذا كان يرتدي الرجل
07_0256,ولد لبس بنطال احمر حذاء ابيض,الرجل يرتدي بنطال احمر و حذاء ابيض
07_0257,سوال جواز تاريخ انتهاء تاريخ سوال,ماهو تاريخ نهايه صلاحيه الجواز
07_0258,سن خمس,خمس سنوات
07_0259,سوال ضياع حقيبه_يد,كيف فقدت الحقيبه
07_0260,ماضي مرض خطر,اصبت بمرض خطير
07_0261,هاتف هويه ضياع سوال,كيف فقدت هاتفك و هويتك
07_0262,هو بطن ت س م م,لديك تسمم غذائي
07_0263,انا هويه ضياع,فقدت هويتي
07_0264,انا ممتاز اتقان,حالي ممتاز
07_0265,وقت مسافه طياره خارج مسافه تاريخ سوال,ما هي الفتره التي ستقضيها بالسفر الى الخارج
07_0266,تاريخ سرقه تاريخ سوال,متى حدثت السرقه
07_0267,ماضي,منذ زمن
07_0268,تاريخ فتح مرض,متى بدا المرض
07_0269,مرض ماضي صغير مرض,مرضت عندما كنت طفل
07_0270,دعوه انا رغبه مساعده,مرحبا انا بحاجه الى مساعده
07_0271,انا دعوه طاعه مساعده,مرحبا كيف يمكنني المساعده
07_0272,دعوه اخبار حال جيد,مرحبا ما اخبارك
07_0273,ليل خير,مساء الخير
07_0274,مع_السلامه,مع السلامه
07_0275,سوال ازعاج سوال,من يزعجك
07_0276,هو دواء ماضي يوجد,هل تناولت اي ادويه
07_0277,هو يوجد تحويل د,هل لديك تحويا من الطبيب
07_0278,انا نعم د بطن,نعم من طبيب الجهاز الهضمي
07_0279,هو يوجد تامين,هل لديك تامين
07_0280,نعم تامين,نعم لدي تامين
07_0281,هو رخصه سياره هو,هل لديك رخصه سياره
07_0282,هو بطاقه صوره هويه هو,هل عندك بطاقه هويتك
07_0283,ثاني صوره سوال جواز_سفر,و صوره جواز السفر
07_0284,ولاده طفل اتقان,ولد الطفل سليم
07_0285,ولاده ماضي تسع,ولد الطفل قبل الاوان
07_0286,وجوب طلب صوره هويه,يجب عليك احضار صوره من هويتك
07_0287,سوال هو هاتف مشاهده سوال,هل رايت الهاتف
07_0288,طاوله على,على الطاوله
07_0289,استفهام سوال سرقه هاتف هو,من الذي سرق الهاتف
07_0290,هو كتابه تفاصيل حال,اكتب الحدث بالتفصيل
07_0291,هو عضو مع السعوديه قصه,هل انت عضو في الفريق السعودي
07_0292,نعم انا مع السعوديه قصه رمايه صم,نعم انا في الفريق السعودي للرمايه للصم
07_0293,غدا شهاده تقديم,ساحضر الشهاده غدا
07_0294,سوال عمر سن,كم عمرك
07_0295,انا تعليم ولد اخر شهاده,انا ادرس وابني لديه شهاده
07_0296,انا رغبه لا ممتاز,لا احتاج شيء
07_0297,هو قلم يوجد,هل لديك قلم
07_0298,هو كتابه تاريخ الان,اكتب تاريخ اليوم
07_0299,انا رغبه بطاقه سياره,اريد الحصول على رخصه قياده
07_0300,استفهام دواء قدره هو,هل تناولت الدواء
07_0301,انا نوم ليل,انام ليلا
07_0302,انا حب لون ابيض كره لون اسود,احب اللون الابيض واكره اللون الاسود
07_0303,انا رغبه شراء سوق لوحه,اريد ان اشتري اغراض منزلي من السوبرماركت
07_0304,انا اسم ا ح م د,اسمي احمد
07_0305,انا عمل ترجمه لغه اشاره,انا اعمل مترجم لغه اشاره
07_0306,انا قراءه كتاب,انا اقرا الكتاب
07_0307,انا مع اسره مع مشاهده كره_قدم مباراه,انا واسرتي ذهبنا لمشاهده مباراه كره قدم
07_0308,انا رغبه ذهاب مستشفى سبب ابن مرض,اريد الذهاب للمستشفى بسبب ابني مريض
07_0309,انا اب بيع تصوير,ابي باع الكاميرا
07_0310,اب انا لون حب لون ازرق ام لون حب سوال وردي,ابي يحب اللون الازرق وامي تحب اللون الوردي
07_0311,انا حب اب,احب ابي
07_0312,انا حب بنت اخ,احب اختي
07_0313,انا حب صلاه,احب صلاه
07_0314,انا حب اكل,احب الطعام
07_0315,انا حب صديق,احب زميلي
07_0316,انا اخ بنت جميل,اختي جميله
07_0317,انا اخ زواج الثلاثاء قادم,اخي سيتزوج يوم الثلاثاء القادم
07_0318,حقيبه_ظهر حقيبه_يد خفيف,الحقيبه خفيفه
07_0319,انا اخ سياره سرعه,اخي يقود السياره بسرعه
07_0320,انا مساعده ام منزل,اساعد امي في المنزل
07_0321,انا مساعده فقير,اساعد الفقراء
07_0322,انا صديق مدرسه مع ثلاث بنت ولد خمس,اصدقائي في المدرسه ثلاث بنات و خمس اولاد
07_0323,انا معرفه لغه اشاره,انا اتعلم لغه الاشاره
07_0324,انا وضوء صلاه,انا اتوضا للصلاه
07_0325,انا حب كره_قدم صيد سمكه,انا احب كره القدم وصيد السمك
07_0326,انا طاعه سوال معلم,انا احترم المعلم
07_0327,انا زياره اقارب مستمر,انا ازور اقاربي دائما
07_0328,انا عمل معلم مدرسه,انا اعمل معلم مدرسه
07_0329,انا نار خلط صباح اكل,انا اجهز الفطور
07_0330,انا حفظ مدرسه قراءه,انا احفظ الدرس
07_0331,انا مدرسه جامعه,انا ادرس في الجامعه
07_0332,انا معرفه قراءه مدرسه,انا اذاكر دروسي
07_0333,انا ذهاب مدرسه,انا اذهب للمدرسه
07_0334,انا مشي منزل,انا اذهب للمنزل
07_0335,انا فوضى ترتيب غرفه نوم,انا ارتب غرفتي
07_0336,انا طاعه معلم بنت,انا استمع للمعلمه
07_0337,انا ذهاب مع اب صلاه الجمعه,انا ذاهب مع والدي الي صلاه الجمعه
07_0338,انا زوج مع كل_يوم مشي,انا وزوجتي نمشي يوميا
07_0339,اب نوم سرير,ابي ينام على السرير
07_0340,الاسبوع_الماضي جد موت رحمه الله,الاسبوع الماضي جدي مات رحمه الله
07_0341,الاسبوع_الماضي صديق جد موت,الاسبوع الماضي صديقي جده مات
07_0342,الجمعه السبت اجازه,الجمعه و السبت عطله
07_0343,شرطه قال ممنوع انتظار,الشرطي قال ممنوع الانتظار
07_0344,صيف نهايه ذهاب برد,الصيف انتهى و جاء الشتاء
07_0345,غني مساعده فقير,الغني يساعد الفقير
07_0346,ولد ذهاب مدرسه ابتسامه,الولد يخرج من المدرسه سعيد
07_0347,ولد دخل مدرسه خوف,الولد يدخل المدرسه خائف
07_0348,هو ابن بنت اول عمر سن سوال اسم سوال,ابنتك الاولى كم عمرها و ما اسمها
07_0349,رقم عمر ابن ولد,كم عمر ابنك
07_0350,اب هو اسم سوال,ابوك ما اسمه
07_0351,ام اب صم,ابي و امي من الصم
07_0352,انا اخ موزه اكل صباح,اخي ياكل الموز صباحا
07_0353,استيقاظ وقت ست صباح,استيقظ الساعه السادسه فجرا
07_0354,اسف فهم كلام لا انا,اسف لا افهم ما تقول
07_0355,انا اسم م ر ا د,اسمي مراد
07_0356,انا تنظيف_اسنان,اغسل اسناني
07_0357,غسل_وجه,اغسل وجهي
07_0358,غسل_يد,اغسل يدي
07_0359,بحر لون ازرق,البحر ازرق
07_0360,عضل رياضه فائده صحه,البروتين مفيد للجسم
07_0361,منزل جدار لون ابيض,الجدار ابيض
07_0362,مدرسه سهل,الدرس سهل
07_0363,مدرسه مشاهده فائده,الدرس مفيد
07_0364,ولد شخص صعود جبل,الرجل يصعد الجبل
07_0365,السبت ماضي انا تعب,السبت الماضي كنت متعب
07_0366,السلام_عليكم,السلام عليكم
07_0367,ولد بناء منزل جميل,الشاب يبني بيت جميل
07_0368,شباب شخص رغبه سباحه,الشاب يحب السباحه
07_0369,صلاه حلو,الصلاه جميله
07_0370,د مساعده انسان,الطبيب يساعد الناس
07_0371,اكل فائده مستشفى,الطعام صحي
07_0372,قلم لون ازرق,القلم ازرق
07_0373,لون قلم انا خاص,القلم هذا لي
07_0374,مدرسه جميل,الكتاب رائع
07_0375,ترجمه سريع ذكي,المترجم سريع وذكي
07_0376,نوم فندق ممتاز سعيد,النوم بالفندق مريح
07_0377,ولد هو كتابه,الولد يكتب الدرس
07_0378,ولد شخص لعب,الولد يلعب
07_0379,مع_السلامه,الى اللقاء
07_0380,ام نداء انا اخ,امي تنادي اخي
07_0381,انا فهم لغه اشاره قليل,انا افهم لغه الاشاره قليلا
07_0382,انا كره طفل بكاء,انا اكره بكاء الطفل
07_0383,انا سعيد سبب مشاهده,انا سعيد برويتك
07_0384,انا عمر اثنان_ثلاثون سن,انا عمري ٣٢ سنه
07_0385,هو حب قهوه كوفي,انت تحب القهوه
07_0386,هو شخص ذكي,انت شخص ذكي
07_0387,هو سوال منزل موقع سوال,ما هو عنوان منزلك
07_0388,انا جد ماضي شراء مزرعه,جدي اشترى مزرعه
07_0389,جد ماضي حب شاي اب انا حب قهوه,جدي يحب الشاي و ابي يحب القهوه
07_0390,مدرسه قصه يوجد طاوله هو,كتاب القصه على الطاوله
07_0391,استفهام سوال ابن جيد,كيف حال ابنك
07_0392,استفهام سوال شخص هو اسره جيد,كيف حال اسرتك
07_0393,انا زوج لا_يوجد,انا لست متزوج
07_0394,مع ذهاب,نذهب معا
07_0395,استفهام هو اسم سوال,ما هو اسمك
07_0396,هو عمل سوال,ماذا تعمل
07_0397,انا صم,انا اصم
07_0398,استفهام هو صم,هل انت اصم
07_0399,استفهام هو زوج,هل انت متزوج
07_0400,كل_يوم صباح مشي وقت اثنان,يوميا في الصباح امشي لمده ساعتين
07_0401,انا رغبه اكل مكرونه,اريد ان اكل المكرونه
07_0402,انا رغبه شراء بيض رز,اريد شراء البيض و الرز
07_0403,انا رغبه ذهاب بحر,اريد ان اذهب الى البحر
07_0404,هو بنت شخص حذاء اسود فستان لون وردي,البنت ترتدي حذاء اسود و فستان وردي
07_0405,صيف ذهاب صيد سمكه,في الصيف اذهب لصيد السمك
07_0406,انا اخ حب لون احمر,اخي يحب اللون الاحمر
07_0407,سرير خفيف سعيد,السرير مريح
07_0408,كلب خلف منزل,الكلب خلف الحائط
07_0409,انا سن الم سن,عندي الم في اسناني
07_0410,انا حفيد مع ذهاب قهوه كوفي,انا و احفادي ذهبنا الى المقهى
07_0411,انا اسف,انا اسف
07_0412,فندق داخل برد,الفندق بارد
07_0413,انا ابن ت س م م بطن,ابني يعاني من تسمم غذائي
07_0414,انا حب لا ال ب ق و ل ي ا ت,لا احب البقوليات
07_0415,انا معرفه سبب اختبار,انا اذاكر للاختبار
07_0416,انا وضوء قبل نوم,انا اتوضا قبل النوم
07_0417,ام نار خلط غرفه خلط,امي تطبخ الفطور في المطبخ
07_0418,طفل لعب بحر قريب,الطفل يلعب على الشاطى
07_0419,انا حب برد,احب البرد
07_0420,انا حب تفاحه موزه انواع صيف,احب اكل الفاكهه في الصيف
07_0421,انا لقاء اقارب مباراه,التقي باقاربي في المباراه
07_0422,سوال موقع بيع,اين المتجر
07_0423,انا ابن بنت بطن,ابنتي تعاني من الم في المعده
07_0424,انا اخ رغبه لا ال خ س,اختي لا تحب الخس
07_0425,دجاج طير في ب ر و ت ي ن,الدجاج فيه بروتين
07_0426,انا اخ مع ارنب قصه رمايه,اخي في فريق الرمايه
07_0427,انتظار اخ بنت جامعه,انتظر اختي في الجامعه
07_0428,شخص خدمه نحيف ركض سرعه,النادل نحيل وسريع
07_0429,طفل بكاء صراخ ازعاج,بكاء الطفل مزعج
07_0430,اخ بنت جديله لون اصفر,شعر اختي طويل ولونه اشقر
07_0431,ذاكره نسيان تذكره طياره,لقد نسيت تذكره الطياره
07_0432,لا طاوله كرسي لا,لا تجلس على الطاوله
07_0433,رغبه وقت اتقان د هضمي,اريد موعد مع طبيب الجهاز الهضمي
07_0434,ولد هو اختفاء شرطه,هرب الرجل من الشرطه
07_0435,انا غسل_وجه صباح,اغسل وجهي في الصباح
07_0436,انا شراء انا اخ شراء دراجه_ناريه,اشترى اخي دراجه ناريه
07_0437,انا منزل مدرسه اخر نهايه,انتهيت من واجباتي المدرسيه
07_0438,حقيبه_يد حقيبه_ظهر حقيبه_يد خفيف لا,الحقيبه ليست خفيفه
07_0439,كلب جبل صعود,الكلب يصعد الجبل
07_0440,ولد كتابه جدار كتابه,الولد يكتب على الجدار
07_0441,انا الثلاثاء شراء تصوير,ساشتري كاميرا يوم الثلاثاء
07_0442,ممنوع كرسي لا_2,ممنوع الجلوس
07_0443,سوال مال سوال صوره اسود بطن,كم سعر تصوير الموجات فوق الصوتيه للبطن
07_0444,استفهام لوحه الثلاثاء مفتوح هو,هل المحل مفتوح يوم الثلاثاء
07_0445,هو ثلج قليل هنا,الثلج نادر هنا
07_0446,هو تاريخ وقت ولاده,متى موعد الولاده
07_0447,انا حضور تاريخ وقت محدد تاخير,حضرت للموعد متاخر
07_0448,انا رغبه شكوى سبب ازعاج,اريد تقديم شكوى بسبب الازعاج
07_0449,انا اخ رغبه طياره تخفيض,ابي يريد بدل اعاقه
07_0450,انا رغبه كلمه منزل نقل,اريد نقل ملكيه المنزل
07_0451,هو ملكيه منزل خوف انا,هو مالك المنزل الجديد
07_0452,انا جد رغبه حب سوال اخبار تلفاز,جدي يحب مشاهده الاخبار التلفزيونيه
07_0453,انا اخ بناء سوال جبل,اخي يبني بيت فوق الجبل
07_0454,رياضه فائده صحه,الرياضه مفيده للصحه
07_0455,انا مشاهده هويه نظر سوال الاربعاء,لقد وجدت هويتي يوم الاربعاء
07_0456,استفهام بطاقه يوجد,هل لديك رخصه
07_0457,ممنوع اكل بقره جبن انواع,ممنوع ان اكل منتجات الالبان
07_0458,انا جد جيد غني,جدي جيد وغني
07_0459,تقديم فقير اكل,اعطي الفقير اكل
07_0460,استفهام حب بقره او عصير,هل تحب الحليب ام العصير
07_0461,انا غرفه لون وردي,غرفتي لونها وردي
07_0462,موقع منزل سوال,ما هو عنوانك
07_0463,انا ضياع كتاب قصه,فقدت كتاب القصه
07_0464,اتصال زوج,اتصلت بزوجي
07_0465,هو طير دخل سرير تحت,الطائر تحت السرير
07_0466,انا طاعه جد,انا احترم جدي
07_0467,الان تاريخ اثنان عشر,اليوم هو الثاني من اكتوبر
07_0468,انا غدا منزل ترتيب تنظيف,انا ارتب المنزل يوميا
07_0469,استئذان غدا عوده,من قضلك تعال غدا
07_0470,انا رغبه دوره_مياه,اريد ان اذهب الى الحمام
07_0471,زوج هو شراء كل_يوم الجمعه منزل اعطاء,زوجي يشتري اغراض المنزل يوم الجمعه
07_0472,رغبه لا انتظار,اكره الانتظار
07_0473,مال دفع بطاقه سياره مال رخيص,رسوم رخصه القياده رخيصه
07_0474,انا رغبه صوره_شخصيه اربع,انا اريد اربع صور ضوئيه
07_0475,انا اخ عمل بدون,اخي عاطل عن العمل
07_0476,عمر ام انا اثنان_ثلاثون سن,عمر امي اثنان و ثلاثون سنه
07_0477,هو استفهام هو ولد شخص صفه سرقه سوال,صف الرجل الذي سرق
07_0478,هو ولد ولاده اتقان صباح,ولد الطفل سليم في الصباح
07_0479,مشاهده صعب تقلب سبب ازعاج صراخ,اجد صعوبه في النوم بسبب الازعاج
07_0480,انا اخ بنت زواج تاريخ السبت قادم,اختي ستتزوج يوم السبت القادم
07_0481,انا مشاهده معرفه مدرسه,انا استمع للدرس
07_0482,انا حفظ مدرسه داخل مدرسه,انا احفظ الدرس في المدرسه
07_0483,انا ام عمل داخل منزل داخل,امي تعمل في البيت
07_0484,انا رغبه تحويل د بطن,اريد تحويل من طبيب الجهاز الهضمي
07_0485,تاريخ سوال د عوده تاريخ سوال,متى سيعود الطبيب الى المستشفى
07_0486,انا ابن بنت عمر اربع_سنوات,ابنتي عمرها اربع سنوات
07_0487,انا سياره حافله,انا اقود الحافله
07_0488,انا زياره هو جد اسبوع مستمر,ازور جدي كل اسبوع
07_0489,انا سعيد سبب صيف اغلاق,انا سعيد بعطله الصيف
07_0490,انا لبس بنطال لون ازرق,انا البس بنطلون جينز ازرق
07_0491,انا استفراغ دوخه حمى الان,انا اتقيا واعاني من دوخه وحمى الان
07_0492,انا ذهاب فيلم سينما وقت اثنان ليل,انا اذهب الى السينما الساعه الثانيه مساء
07_0493,انا اخ عضو مع السعوديه قصه كره_قدم,اخي عضو في الفريق السعودي لكره القدم
07_0494,بيع جد بيع مزرعه,باع جدي المزرعه
07_0495,معلم بنت نداء اخ بنت,المعلمه تنادي اختي
07_0496,دراجه_ناريه هو خطر,الدراجه الناريه خطيره
07_0497,سوال اخر شهاده سوال,ما هي نتائج الاختبار
07_0498,انا غسل_يد قبل اكل,اغسل يدي قبل الاكل
07_0499,بنت هو لبس لون ابيض,المراه ترتدي لبس ابيض
07_0500,استفهام نسخ بطاقه هو,هل لديك نسخه من التصريح
09_0001,سوال هو,من هو
09_0002,هو معلم لغه اشاره,هو مدرس لغه اشاره
09_0003,استفهام هو معلم هو,هل انت مدرس
09_0004,هو معلم لا انا مدرسه,انت لست مدرس انا طالب
09_0005,هو سوال,هو من
09_0006,هو صديق مدرسه,هو زميلي في المدرسه
09_0007,استفهام هو صديق مدرسه,هل هو زميلك في المدرسه
09_0008,انا اسره رقم ثلاث اشخاص,اسرتي تتكون من ثلاث اشخاص
09_0009,رقم عمر ابن بنت,كم عمر ابنتك
09_0010,عمر اربع سن عمر,عمرها اربع سنوات
09_0011,عمر سن خمسون سن,عمره خمسين سنه
09_0012,سوال بنت ابن,اين ابنته
09_0013,عمر ابن خمسون سن,عمر ابنه خمسين سنه
09_0014,معرفه هو لغه اشاره,هو يعرف لغه الاشاره
09_0015,معرفه لغه اشاره,اعرف لغه الاشاره
09_0016,هو معرفه ام لغه اشاره,هل تعرف والدتك لغه الاشاره
09_0017,لا معرفه لغه اشاره,لا تعلم لغه الاشاره
09_0018,ممكن هو قدره كتابه اسم هو,ممكن تكتب اسمك
09_0019,انا كتابه,انا اكتب
09_0020,استفهام تاريخ الان سوال,ما هو تاريخ اليوم
09_0021,الان واحد شهر عشر,اليوم هو واحد اكتوبر
09_0022,انا ذهاب مدرسه سبب كره_قدم,انا اذهب الى المدرسه لالعب كره القدم
09_0023,انا قلب قدره,انوي القيام به
09_0024,هو رغبه شرب سوال,ماذا تريد ان تشرب
09_0025,انا رغبه شرب شاي,انا اريد ان اشرب الشاي
09_0026,هو رغبه اكل سوال,ماذا تريد ان تاكل
09_0027,انا رغبه اكل رز,اريد ان اكل رز
09_0028,انا رغبه ذهاب مكتبه بعد صيف,اريد ان اذهب الى المكتبه بعد الظهر
09_0029,هو رغبه بعد صيف سوال,ماذا تريد ان تفعل بعد الظهر
09_0030,انا رغبه ذهاب لوحه بقاله,اريد ان اذهب الى السوبرماركت بعد الظهر
09_0031,سبب رغبه شراء,ماذا تريد ان تشتري
09_0032,انا رغبه كوب شراء,اريد شراء كوب
09_0033,انا رغبه معرفه لغه اشاره,اريد ان اتعلم لغه الاشاره
09_0034,انا رغبه ذهاب مدرسه سبب قراءه غدا,اريد ان اذهب الى المدرسه لقراءه الكتب غدا
09_0035,رقم معلم مدرسه هو,كم عدد المدرسين في مدرستك
09_0036,رقم اشخاص مدرسه هو مدرسه,كم عدد الاشخاص في مدرستك
09_0037,سوال قط,اين القطه
09_0038,قط صغير تحت طاوله,القط الصغير تحت الطاوله
09_0039,اب هو منزل يوجد,والدك في المنزل
09_0040,لا منزل لا_يوجد,ليس في المنزل
09_0041,سوال اب,اين والدك
09_0042,اب مستشفى يوجد,والدي في المستشفى
09_0043,سوال عمل,اين يعمل
09_0044,صديق انا مدرسه,صديقي في المدرسه
09_0045,انا ام منزل,امي في المنزل
09_0046,سوال كوب شرب,اين الكوب
09_0047,سوال صديق هو,اين اصدقائك
09_0048,قراءه سوال مكان مدرسه,القراءه في المدرسه
09_0049,طاوله هو سوال,ماذا يوجد على الطاوله
09_0050,طاوله كتاب لاب_توب يوجد,هناك كتب و كمبيوترعلى الطاوله
09_0051,هو اسم هو,ما اسمه
09_0052,اسم هو ولد خلف,ما اسم ذلك الرجل في الخلف
09_0053,استئذان انا كرسي الان,ممكن اجلس على الكرسي
09_0054,استئذان دعوه كرسي,من فضلك اجلس
09_0055,سوال كرسي يوجد سوال,ماذا يوجد على الكرسي
09_0056,كرسي قط صغير فوق_كرسي,هناك قط صغير على الكرسي
09_0057,يوجد مدرسه يوجد بيع,يوجد متجر في المدرسه
09_0058,رقم وقت الان,كم الوقت الان
09_0059,وقت سوال عشر,الساعه العاشره
09_0060,وقت هو صيف اكل وقت سوال,متى تاكل في الظهر
09_0061,تاريخ وقت اب انا منزل اخر تاريخ,متى سيعود ابي الى المنزل
09_0062,وقت خمس ليل,الوقت الخامسه مساء
09_0063,هو تاريخ ذهاب سينما فيلم تاريخ,متى نذهب الى السينما
09_0064,هو الان مطر,يوجد مطر الان
09_0065,لا مطر الان لا,لا يوجد مطر الان
09_0066,لا برد الان,لا يوجد برد الان
09_0067,سوال صحه هو,كيف حالك
09_0068,شكر د,شكرا دكتور
09_0069,هو مطر غدا,هل ستمطر غدا
09_0070,لا غدا مطر لا,لن تمطر غدا
09_0071,هو عمل سوال,ماذا تعمل
09_0072,انا شعر قراءه,انا اقرا
09_0073,انا شراء تفاحه موزه انواع,انا اشتريت فواكه
09_0074,انا سعيد مقابله,انا سعيد بلقائك
09_0075,هو رغبه رياضه سوال قلب رغبه سوال,ما هي الرياضه التي تحبها
09_0076,انا حب كره_قدم كثير حب,احب لعب كره القدم كثيرا
09_0077,سوال هو شراء تفاحه,هل اشتريت التفاح
09_0078,انا شراء تفاحه لا_يوجد,انا لم اشتري التفاح
09_0079,هو لبس جيد حلو,لبسه جميل
09_0080,جو برد قليل,الجو بارد قليلا
09_0081,انا الان ماضي تعب,كنت متعب قليلا امس
09_0082,هو مشاهده هاتف مشاهده,هل رايت هاتفي
09_0083,هو صديق انا,هو صديقي
09_0084,سوال عمر اخ هو,كم هو عمر اخيك
09_0085,انا استيقاظ وقت خمس صباح كل_يوم,استيقظ في الخامسه كل صباح
09_0086,نهايه كتابه منزل نهايه,انتهيت من واجباتي
09_0087,انا خلط اكل خلط كل_يوم ليل,اطبخ كل ليله
09_0088,انا خوف,انا خائف
09_0089,سبب خوف,لماذا انت خائف
09_0090,دعوه مع دعوه اكل ليل دعوه الان ليل,لنتناول العشاء معا الليله
09_0091,سوال كرسي حمام,اين الحمام
09_0092,انا رغبه شرب بقره,اريد ان اشرب الحليب
09_0093,اعاده عوده مدرسه حافله,نعود الى المدرسه بالحافله
09_0094,هو اكل صباح اكل هو,هل اكلت الفطور
09_0095,انا اب خلط اكل نارغرفه,ابي يعد العشاء في المطبخ
09_0096,مكتبه مدرسه جميل,مكتبه المدرسه جميله
09_0097,لا حب اكل موز,لا احل اكل الموز
09_0098,كتاب جواز تذكره طياره حقيبه_يد يوجد,جواز سفري و تذكره الطياره في الحقيبه
09_0099,انا اب حادث,تعرض ابي لحادث
09_0100,انا اكل ليل وقت تسع,انا اكل العشاء الساعه التاسعه
09_0101,انا زوج عمل كثير,زوجي يعمل كثيرا
09_0102,زوج عمل سوال اكل لوحه,زوجي يعمل في المطعم
09_0103,هو طفل رغبه لعب انواع كثير,يريد الطفل العاب متنوعه
09_0104,رغبه حذاء خوف,اريد حذاء جديد
09_0105,انا رغبه تلفاز حاسب خوف,اريد كمبيوتر جديد
09_0106,هو رغبه دراجه,اريد دراجه
09_0107,زهره مطر رغبه,الزهور تحتاج المطر
09_0108,استفهام هو جوع اكل هو,هل انت جائع
09_0109,هو يوجد سلطه اتقان,هل لديك سلطه طازجه
09_0110,استفهام هو تفاحه اتقان,هل لديك تفاح طازج
09_0111,اخ جوع,اخي جائع
09_0112,هو ام جوع,والدتك جائعه
09_0113,الان تفاحه موزه يوجد لوحه,يوجد اليوم تفاح و موز في السوبرماركت
09_0114,هو مساعده,هل تساعدني
09_0115,شرطه استفهام منزل ام سوال,يسالني الشرطي عن مكان والدتي
09_0116,تاريخ زوج هو ذهاب سينما,متى سيذهب زوجك للسينما
09_0117,معلم ذهاب مركز صم يوم الاربعاء,يذهب المعلم الى مركز الصم يوم الاربعاء
09_0118,شخص صم ذهاب مركز صم,يذهب الاصم الى مركز الصم
09_0119,انا بيتزا سوال لوحه اكل,انا اكل البيتزا في المطعم
09_0120,هو رغبه حب اكل شوكولاته بسكوت حب هو,تحب ان تاكل البسكوت و الشوكولاته
09_0121,انا سياره ركوب ذهاب لوحه بقاله شوكولاته,انا اقود الى السوبرماركت
09_0122,بنت دراجه,البنت تركب دراجه
09_0123,انا صديق دراجه ماضي,ركب صديقي دراجه امس
09_0124,شرطه دراجه_ناريه,يركب الشرطي دراجه ناريه
09_0125,ولد صم هو سياره قدره,الرجل الاصم يقود سياره
09_0126,مدرسه شخص سياره ذهاب وصل مركز سياره,ياتي الطالب الى المعهد بالسياره
09_0127,استفهام الحذاء مشاهده سوال,هل رايت الحذاء
09_0128,هو قدره مشاهده نظاره,هل رايت النظارات
09_0129,لاب_توب حاسب مشاهده لاب_توب,هل رايت الكمبيوتر
09_0130,انا ذهاب سينما الان ليل,انا ذاهب الى السينما الليله
09_0131,اخ ذهاب اكل لوحه,ذهب اخي الى المطعم
09_0132,انا ذهاب لوحه شوكولاته بقاله انواع شراء,انا ذاهب الى السوبرماركت
09_0133,زوج ذهاب لوحه بقاله,يذهب الزوج الى السوبرماركت
09_0134,دعوه نداء اكل رغبه تعداد,اطلب من النادل
09_0135,الان برد ليل برد,الجو بارد الليله
09_0136,الان برد ماضي مركز صم,شعرت بالبرد في مركز الصم امس
09_0137,انا شعور برد حافله داخل ليل الان,انا اشعر بالبرد في الحافله الليله
09_0138,شراء شاي شرب رغبه هو,هل تريد شراء الشاي
09_0139,انا شراء شوكولاته,انا اشتري الشوكولاته
09_0140,ولد شخص شراء ماء,الولد يشتري الماء
09_0141,انا غدا حاسب شراء,سوف اشتري كمبيوتر غدا
09_0142,الان خس ال خ س لوحه بقاله,اليوم نشتري الخس من السوبرماركت
09_0143,انا الان خلط اكل,انا اطبخ الان
09_0144,الان خلط لا,لا اطبخ الان
09_0145,وقت سوال حافله دخول,متى تاتي الحافله
09_0146,وقت رئيس ذهاب وقت سوال,متى ياتي الرئيس
09_0147,رقم بسكوت مال تفاحه مال رقم,كم سعر البسكوت والتفاح
09_0148,زوج هو معرفه لغه اشاره,زوجك يتعلم لغه الاشاره
09_0149,هو صديق هو معرفه لغه اشاره,صديقك يتعلم لغه الاشاره
09_0150,بنت هو قراءه,المراه تقرا
09_0151,ولد قراءه,الولد يقرا
09_0152,صديق كتاب قراءه,صديقي يقرا كتاب
09_0153,ام قراءه كل_يوم السبت,الام تقرا كتاب يوم السبت
09_0154,اخ حب كتاب خوف هو,يحب اخوك قراءه كتاب جديد
09_0155,انا حب شاي,نحن نحب الشاي
09_0156,انا حب بقره اتقان,انا احب الحليب الطازج
09_0157,طفل حب ثلج هو,الطفل يحب الثلج
09_0158,انا حب شوكولاته بقره,انا احب الشوكولاته و الحليب
09_0159,هو حب شوكولاته بسكوت,تحب الشوكولاته او البسكوت
09_0160,سلطه اتقان ممتاز,السلطه الطازجه طعمها جيد
09_0161,موزه تفاحه اتقان ممتاز جيد,طعم الموز والتفاح الطازج جيد
09_0162,انا صديق كتابه,صديقي يكتب
09_0163,ممكن صديق قدره كتابه,يمكن لصديقي ان يكتب
09_0164,لعب هو ممتاز,اللعبه جميله
09_0165,انا بحث تفاحه احمر,انا ابحث عن تفاح احمر
09_0166,هو رغبه قهوه شاي رغبه سوال,هل تريد قهوه او شاي
09_0167,هو بحث قهوه شاي,هل تريد شاي ام قهوه
09_0168,انا بحث تفاحه احمر شوكولاته,انا ابحث عن تفاح احمر و شوكولاته
09_0169,رئيس اتصال,الرئيس على الهاتف
09_0170,استفهام غدا صديق لقاء,هل ستلتقي بصديقك غدا
09_0171,انا غدا صديق لقاء,سالتقي بصديقي غدا
09_0172,هو شرب هو,هو يشرب ماء
09_0173,انا شرب ماضي,شربت الماء امس
09_0174,ولد شخص ماء هو,الولد يشرب الماء
09_0175,نسيان دراجه,نسيت الدراجه
09_0176,انا جميع جوع,نحن جائعون
09_0177,حافله خوف هو,الحافله جديده
09_0178,سوال بيتزا,اين البيتزا
09_0179,نظاره غالي,النظارات غاليه
09_0180,حذاء رخيص,الحذاء رخيص
09_0181,حاسب لاب_توب غالي,الكمبيوتر غالي السعر
09_0182,شوكولاته صحه,الشوكولاته صحيه
09_0183,اب مستشفى منزل سبب حادث,والدي في المستشفى لانه تعرض لحادث
09_0184,استئذان عصير تفاحه,من فضلك اعطني عصير تفاح
09_0185,رغبه صوره قط صغير,ابني يريد تصوير القط الصغير
09_0186,انا خوف ولاده قبل وقت,اخاف من الولاده قبل الاوان
09_0187,انا ام ذهاب مستشفى سبب مرض,ذهبت والدتي الى المستشفى لانها مريضه
09_0188,انا نوم تقلب,اجد صعوبه في النوم
09_0189,ابن زعل سبب كلب موت,ابني حزين لان الكلب مات
09_0190,جد ماضي هو حزن سبب طير موت,جدي حزين لان الطائر مات
09_0191,انا زعل سبب قط موت الان صباح,انا حزين لان قطتي ماتت هذا الصباح
09_0192,انا ذهاب مزرعه شراء بيض موزه انواع,اذهب الى المزرعه لشراء البيض و الموز
09_0193,وجوب استيقاظ وقت سبع كل_يوم,يجب ان استيقظ الساعه السادسه كل يوم
09_0194,انا صديق صم قدره ترجمه اشاره,صديقي اصم لكن يمكنني ان اترجم له
09_0195,استئذان تذكره طياره عطاء,من فضلك اعطني تذكره الرحله
09_0196,ترجمه ذهاب مركز الثلاثاء مستمر,المترجم يذهب الى المعهد كل يوم ثلاثاء
09_0197,انا حفيد رغبه سباحه بحر,احفادي يرغبون السباحه في البحر
09_0198,انا معرفه اخبار ترجمه مشاهده معرفه,انا افهم الاخبار مع الترجمه
09_0199,مشاهده شاشه قليل مشاهده اخبار,نادرا اشاهد الاخبار التلفزيونيه
09_0200,انا غدا وقت اثنان عمل خلاص,ينتهي عملي غدا الساعه الثانيه
09_0201,هو هاتف اتصال شرطه,انت اتصلت بالشرطه
09_0202,رغبه ساعه تخفيض طياره معاق,اريد خصم الرحله للمعاقين
09_0203,انا اسم سياره اسم,اريد نقل ملكيه سيارتي
09_0204,استفهام صدر خوف مسوول سوال سياره اسم,من سيكون المالك الجديد
09_0205,هو وجوب شرب زياده,يجب ان تشرب الكثير من الماء
09_0206,كتاب صباح صيف مكتبه لوحه صباح صيف,المكتب مفتوح في الصباح و الظهر
09_0207,ولد سرق هاتف,سرق شخص ما هاتفي
09_0208,انا ولد هو هاتف اخذ اختفاء,اخذ رجل الهاتف وهرب
09_0209,انت سوال ذهاب جري,الى اين ركض
09_0210,مستمر جري بحر,ركض الى الشاطئ
09_0211,سوال هو ماضي هو,اين كنت
09_0212,هو ماضي كوفي انتظار,كنت في مقهى
09_0213,هو انا بحث هاتف بحث جواب,سوف ابحث عن الهاتف و نبلغك
09_0214,هو رغبه اسبوع اخر راحه سعيد,اتمنى لك عطله نهايه اسبوع سعيده
09_0215,انا رغبه جواز سفر رغبه,اريد الحصول على جواز سفر
09_0216,رغبه شكوى,اريد تقديم شكوى
09_0217,انا رغبه طبيب د,انا بحاجه الى طبيب
09_0218,د يوجد غدا يوجد,الطبيب موجود غدا
09_0219,مشكله سوال,ما المشكله
09_0220,انا لا صحه سيئ,صحتي غير جيده
09_0221,انا استفراغ ثاني اسهال انا,انا اتقيا و اعاني من الاسهال
09_0222,تاريخ سوال اسهال تاريخ فتح,منذ متى تعاني من الاسهال
09_0223,ثلاث قبل,ثلاث ايام
09_0224,هو حمى هو,هل لديك حمى
09_0225,نعم انا دوخه,نعم انا اعاني من دوخه
09_0226,انا ماضي ثلاث اكل سوال,ماذا اكلت قبل ثلاث ايام
09_0227,انا رغبه وقت موعد صوره بطن رغبه,اريد موعدا لاجراء تصوير البطن بالموجات فوق الصوتيه
09_0228,هو تجنب بقره خضار انواع تجنب,تجنب منتجات الالبان و الخضار
09_0229,انا قدره دجاج سمكه,يمكنني اكل الدجاج و السمك
09_0230,تمام اريد اكل رز مكرونه قدره,بالطبع يمكن ان تاكل الرز و المكرونه
09_0231,انا عمل لا_يوجد تامين لا_يوجد,انا عاطل عن العمل و ليس لدي تامين
09_0232,هو دفع مال سوال,اين دفع الرسوم
09_0233,بنك اي_شي,في احد البنوك
09_0234,هو مقابله ملكيه مقابله محادثه,هل تحدثت الى المالك
09_0235,اعاده عوده ثلاث عوده,تعال مره اخرى بعد ثلاث ايام
09_0236,هو عوده مع هو,هل جئتم معا
09_0237,ان_شاء_الله غدا دفع,ان شاء الله ادفع غدا
09_0238,رغبه مستقبل سعيد,اتمنى لك مستقبل سعيد
09_0239,مهم بطاقه هويه اخذ صوره,احتاج الى بطاقه الهويه و صوره ضوئيه
09_0240,ولد سرقه حقيبه_يد,سرق الرجل حقيبتي
09_0241,هو اختبار اخر شهاده,سيتم اختبارك و ستحصل على النتائج
09_0242,هو رخصه رسمي واحد ثلاث,ستكون الرخصه جاهزه في غضون ثلاث اسابيع
09_0243,بطاقه سوال اسابيع ثلاث,سيكون التصريح جاهز في غضون ثلاث اسابيع
09_0244,جواز كتاب اتقان ممكن عشر_ايام,سيكون جواز السفر جاهز في غضون عشر ايام
09_0245,وجوب دفع جواز سفر,يجب عليك دفع رسوم جواز السفر
09_0246,شكر,شكرا
09_0247,شكر مساعده,شكرا لمساعدتك
09_0248,صباح خير,صباح الخير
09_0249,صباح خير طاعه خدمه سوال,صباح الخير كيف يمكنني ان اخدمك
09_0250,صباح خير هو رغبه مساعده,صباح الخير هل تحتاج مساعده
09_0251,ولد صفه سوال,صف الرجل
09_0252,ولد طويل نحيف شعر اصفر قصير,كان الرجل طويل ونحيل وشعره اشقر قصير
09_0253,انا بطن الم,عندي الم في المعده
09_0254,انا جواز تاريخ انتهاء,جواز سفري منتهي الصلاحيه
09_0255,سبب ولد شخص لبس سوال,ماذا كان يرتدي الرجل
09_0256,ولد لبس بنطال احمر حذاء ابيض,الرجل يرتدي بنطال احمر و حذاء ابيض
09_0257,سوال جواز تاريخ انتهاء تاريخ سوال,ماهو تاريخ نهايه صلاحيه الجواز
09_0258,سن خمس,خمس سنوات
09_0259,سوال ضياع حقيبه_يد,كيف فقدت الحقيبه
09_0260,ماضي مرض خطر,اصبت بمرض خطير
09_0261,هاتف هويه ضياع سوال,كيف فقدت هاتفك و هويتك
09_0262,هو بطن ت س م م,لديك تسمم غذائي
09_0263,انا هويه ضياع,فقدت هويتي
09_0264,انا ممتاز اتقان,حالي ممتاز
09_0265,وقت مسافه طياره خارج مسافه تاريخ سوال,ما هي الفتره التي ستقضيها بالسفر الى الخارج
09_0266,تاريخ سرقه تاريخ سوال,متى حدثت السرقه
09_0267,ماضي,منذ زمن
09_0268,تاريخ فتح مرض,متى بدا المرض
09_0269,مرض ماضي صغير مرض,مرضت عندما كنت طفل
09_0270,دعوه انا رغبه مساعده,مرحبا انا بحاجه الى مساعده
09_0271,انا دعوه طاعه مساعده,مرحبا كيف يمكنني المساعده
09_0272,دعوه اخبار حال جيد,مرحبا ما اخبارك
09_0273,ليل خير,مساء الخير
09_0274,مع_السلامه,مع السلامه
09_0275,سوال ازعاج سوال,من يزعجك
09_0276,هو دواء ماضي يوجد,هل تناولت اي ادويه
09_0277,هو يوجد تحويل د,هل لديك تحويا من الطبيب
09_0278,انا نعم د بطن,نعم من طبيب الجهاز الهضمي
09_0279,هو يوجد تامين,هل لديك تامين
09_0280,نعم تامين,نعم لدي تامين
09_0281,هو رخصه سياره هو,هل لديك رخصه سياره
09_0282,هو بطاقه صوره هويه هو,هل عندك بطاقه هويتك
09_0283,ثاني صوره سوال جواز_سفر,و صوره جواز السفر
09_0284,ولاده طفل اتقان,ولد الطفل سليم
09_0285,ولاده ماضي تسع,ولد الطفل قبل الاوان
09_0286,وجوب طلب صوره هويه,يجب عليك احضار صوره من هويتك
09_0287,سوال هو هاتف مشاهده سوال,هل رايت الهاتف
09_0288,طاوله على,على الطاوله
09_0289,استفهام سوال سرقه هاتف هو,من الذي سرق الهاتف
09_0290,هو كتابه تفاصيل حال,اكتب الحدث بالتفصيل
09_0291,هو عضو مع السعوديه قصه,هل انت عضو في الفريق السعودي
09_0292,نعم انا مع السعوديه قصه رمايه صم,نعم انا في الفريق السعودي للرمايه للصم
09_0293,غدا شهاده تقديم,ساحضر الشهاده غدا
09_0294,سوال عمر سن,كم عمرك
09_0295,انا تعليم ولد اخر شهاده,انا ادرس وابني لديه شهاده
09_0296,انا رغبه لا ممتاز,لا احتاج شيء
09_0297,هو قلم يوجد,هل لديك قلم
09_0298,هو كتابه تاريخ الان,اكتب تاريخ اليوم
09_0299,انا رغبه بطاقه سياره,اريد الحصول على رخصه قياده
09_0300,استفهام دواء قدره هو,هل تناولت الدواء
09_0301,انا نوم ليل,انام ليلا
09_0302,انا حب لون ابيض كره لون اسود,احب اللون الابيض واكره اللون الاسود
09_0303,انا رغبه شراء سوق لوحه,اريد ان اشتري اغراض منزلي من السوبرماركت
09_0304,انا اسم ا ح م د,اسمي احمد
09_0305,انا عمل ترجمه لغه اشاره,انا اعمل مترجم لغه اشاره
09_0306,انا قراءه كتاب,انا اقرا الكتاب
09_0307,انا مع اسره مع مشاهده كره_قدم مباراه,انا واسرتي ذهبنا لمشاهده مباراه كره قدم
09_0308,انا رغبه ذهاب مستشفى سبب ابن مرض,اريد الذهاب للمستشفى بسبب ابني مريض
09_0309,انا اب بيع تصوير,ابي باع الكاميرا
09_0310,اب انا لون حب لون ازرق ام لون حب سوال وردي,ابي يحب اللون الازرق وامي تحب اللون الوردي
09_0311,انا حب اب,احب ابي
09_0312,انا حب بنت اخ,احب اختي
09_0313,انا حب صلاه,احب صلاه
09_0314,انا حب اكل,احب الطعام
09_0315,انا حب صديق,احب زميلي
09_0316,انا اخ بنت جميل,اختي جميله
09_0317,انا اخ زواج الثلاثاء قادم,اخي سيتزوج يوم الثلاثاء القادم
09_0318,حقيبه_ظهر حقيبه_يد خفيف,الحقيبه خفيفه
09_0319,انا اخ سياره سرعه,اخي يقود السياره بسرعه
09_0320,انا مساعده ام منزل,اساعد امي في المنزل
09_0321,انا مساعده فقير,اساعد الفقراء
09_0322,انا صديق مدرسه مع ثلاث بنت ولد خمس,اصدقائي في المدرسه ثلاث بنات و خمس اولاد
09_0323,انا معرفه لغه اشاره,انا اتعلم لغه الاشاره
09_0324,انا وضوء صلاه,انا اتوضا للصلاه
09_0325,انا حب كره_قدم صيد سمكه,انا احب كره القدم وصيد السمك
09_0326,انا طاعه سوال معلم,انا احترم المعلم
09_0327,انا زياره اقارب مستمر,انا ازور اقاربي دائما
09_0328,انا عمل معلم مدرسه,انا اعمل معلم مدرسه
09_0329,انا نار خلط صباح اكل,انا اجهز الفطور
09_0330,انا حفظ مدرسه قراءه,انا احفظ الدرس
09_0331,انا مدرسه جامعه,انا ادرس في الجامعه
09_0332,انا معرفه قراءه مدرسه,انا اذاكر دروسي
09_0333,انا ذهاب مدرسه,انا اذهب للمدرسه
09_0334,انا مشي منزل,انا اذهب للمنزل
09_0335,انا فوضى ترتيب غرفه نوم,انا ارتب غرفتي
09_0336,انا طاعه معلم بنت,انا استمع للمعلمه
09_0337,انا ذهاب مع اب صلاه الجمعه,انا ذاهب مع والدي الي صلاه الجمعه
09_0338,انا زوج مع كل_يوم مشي,انا وزوجتي نمشي يوميا
09_0339,اب نوم سرير,ابي ينام على السرير
09_0340,الاسبوع_الماضي جد موت رحمه الله,الاسبوع الماضي جدي مات رحمه الله
09_0341,الاسبوع_الماضي صديق جد موت,الاسبوع الماضي صديقي جده مات
09_0342,الجمعه السبت اجازه,الجمعه و السبت عطله
09_0343,شرطه قال ممنوع انتظار,الشرطي قال ممنوع الانتظار
09_0344,صيف نهايه ذهاب برد,الصيف انتهى و جاء الشتاء
09_0345,غني مساعده فقير,الغني يساعد الفقير
09_0346,ولد ذهاب مدرسه ابتسامه,الولد يخرج من المدرسه سعيد
09_0347,ولد دخل مدرسه خوف,الولد يدخل المدرسه خائف
09_0348,هو ابن بنت اول عمر سن سوال اسم سوال,ابنتك الاولى كم عمرها و ما اسمها
09_0349,رقم عمر ابن ولد,كم عمر ابنك
09_0350,اب هو اسم سوال,ابوك ما اسمه
09_0351,ام اب صم,ابي و امي من الصم
09_0352,انا اخ موزه اكل صباح,اخي ياكل الموز صباحا
09_0353,استيقاظ وقت ست صباح,استيقظ الساعه السادسه فجرا
09_0354,اسف فهم كلام لا انا,اسف لا افهم ما تقول
09_0355,انا اسم م ر ا د,اسمي مراد
09_0356,انا تنظيف_اسنان,اغسل اسناني
09_0357,غسل_وجه,اغسل وجهي
09_0358,غسل_يد,اغسل يدي
09_0359,بحر لون ازرق,البحر ازرق
09_0360,عضل رياضه فائده صحه,البروتين مفيد للجسم
09_0361,منزل جدار لون ابيض,الجدار ابيض
09_0362,مدرسه سهل,الدرس سهل
09_0363,مدرسه مشاهده فائده,الدرس مفيد
09_0364,ولد شخص صعود جبل,الرجل يصعد الجبل
09_0365,السبت ماضي انا تعب,السبت الماضي كنت متعب
09_0366,السلام_عليكم,السلام عليكم
09_0367,ولد بناء منزل جميل,الشاب يبني بيت جميل
09_0368,شباب شخص رغبه سباحه,الشاب يحب السباحه
09_0369,صلاه حلو,الصلاه جميله
09_0370,د مساعده انسان,الطبيب يساعد الناس
09_0371,اكل فائده مستشفى,الطعام صحي
09_0372,قلم لون ازرق,القلم ازرق
09_0373,لون قلم انا خاص,القلم هذا لي
09_0374,مدرسه جميل,الكتاب رائع
09_0375,ترجمه سريع ذكي,المترجم سريع وذكي
09_0376,نوم فندق ممتاز سعيد,النوم بالفندق مريح
09_0377,ولد هو كتابه,الولد يكتب الدرس
09_0378,ولد شخص لعب,الولد يلعب
09_0379,مع_السلامه,الى اللقاء
09_0380,ام نداء انا اخ,امي تنادي اخي
09_0381,انا فهم لغه اشاره قليل,انا افهم لغه الاشاره قليلا
09_0382,انا كره طفل بكاء,انا اكره بكاء الطفل
09_0383,انا سعيد سبب مشاهده,انا سعيد برويتك
09_0384,انا عمر اثنان_ثلاثون سن,انا عمري ٣٢ سنه
09_0385,هو حب قهوه كوفي,انت تحب القهوه
09_0386,هو شخص ذكي,انت شخص ذكي
09_0387,هو سوال منزل موقع سوال,ما هو عنوان منزلك
09_0388,انا جد ماضي شراء مزرعه,جدي اشترى مزرعه
09_0389,جد ماضي حب شاي اب انا حب قهوه,جدي يحب الشاي و ابي يحب القهوه
09_0390,مدرسه قصه يوجد طاوله هو,كتاب القصه على الطاوله
09_0391,استفهام سوال ابن جيد,كيف حال ابنك
09_0392,استفهام سوال شخص هو اسره جيد,كيف حال اسرتك
09_0393,انا زوج لا_يوجد,انا لست متزوج
09_0394,مع ذهاب,نذهب معا
09_0395,استفهام هو اسم سوال,ما هو اسمك
09_0396,هو عمل سوال,ماذا تعمل
09_0397,انا صم,انا اصم
09_0398,استفهام هو صم,هل انت اصم
09_0399,استفهام هو زوج,هل انت متزوج
09_0400,كل_يوم صباح مشي وقت اثنان,يوميا في الصباح امشي لمده ساعتين
09_0401,انا رغبه اكل مكرونه,اريد ان اكل المكرونه
09_0402,انا رغبه شراء بيض رز,اريد شراء البيض و الرز
09_0403,انا رغبه ذهاب بحر,اريد ان اذهب الى البحر
09_0404,هو بنت شخص حذاء اسود فستان لون وردي,البنت ترتدي حذاء اسود و فستان وردي
09_0405,صيف ذهاب صيد سمكه,في الصيف اذهب لصيد السمك
09_0406,انا اخ حب لون احمر,اخي يحب اللون الاحمر
09_0407,سرير خفيف سعيد,السرير مريح
09_0408,كلب خلف منزل,الكلب خلف الحائط
09_0409,انا سن الم سن,عندي الم في اسناني
09_0410,انا حفيد مع ذهاب قهوه كوفي,انا و احفادي ذهبنا الى المقهى
09_0411,انا اسف,انا اسف
09_0412,فندق داخل برد,الفندق بارد
09_0413,انا ابن ت س م م بطن,ابني يعاني من تسمم غذائي
09_0414,انا حب لا ال ب ق و ل ي ا ت,لا احب البقوليات
09_0415,انا معرفه سبب اختبار,انا اذاكر للاختبار
09_0416,انا وضوء قبل نوم,انا اتوضا قبل النوم
09_0417,ام نار خلط غرفه خلط,امي تطبخ الفطور في المطبخ
09_0418,طفل لعب بحر قريب,الطفل يلعب على الشاطى
09_0419,انا حب برد,احب البرد
09_0420,انا حب تفاحه موزه انواع صيف,احب اكل الفاكهه في الصيف
09_0421,انا لقاء اقارب مباراه,التقي باقاربي في المباراه
09_0422,سوال موقع بيع,اين المتجر
09_0423,انا ابن بنت بطن,ابنتي تعاني من الم في المعده
09_0424,انا اخ رغبه لا ال خ س,اختي لا تحب الخس
09_0425,دجاج طير في ب ر و ت ي ن,الدجاج فيه بروتين
09_0426,انا اخ مع ارنب قصه رمايه,اخي في فريق الرمايه
09_0427,انتظار اخ بنت جامعه,انتظر اختي في الجامعه
09_0428,شخص خدمه نحيف ركض سرعه,النادل نحيل وسريع
09_0429,طفل بكاء صراخ ازعاج,بكاء الطفل مزعج
09_0430,اخ بنت جديله لون اصفر,شعر اختي طويل ولونه اشقر
09_0431,ذاكره نسيان تذكره طياره,لقد نسيت تذكره الطياره
09_0432,لا طاوله كرسي لا,لا تجلس على الطاوله
09_0433,رغبه وقت اتقان د هضمي,اريد موعد مع طبيب الجهاز الهضمي
09_0434,ولد هو اختفاء شرطه,هرب الرجل من الشرطه
09_0435,انا غسل_وجه صباح,اغسل وجهي في الصباح
09_0436,انا شراء انا اخ شراء دراجه_ناريه,اشترى اخي دراجه ناريه
09_0437,انا منزل مدرسه اخر نهايه,انتهيت من واجباتي المدرسيه
09_0438,حقيبه_يد حقيبه_ظهر حقيبه_يد خفيف لا,الحقيبه ليست خفيفه
09_0439,كلب جبل صعود,الكلب يصعد الجبل
09_0440,ولد كتابه جدار كتابه,الولد يكتب على الجدار
09_0441,انا الثلاثاء شراء تصوير,ساشتري كاميرا يوم الثلاثاء
09_0442,ممنوع كرسي لا_2,ممنوع الجلوس
09_0443,سوال مال سوال صوره اسود بطن,كم سعر تصوير الموجات فوق الصوتيه للبطن
09_0444,استفهام لوحه الثلاثاء مفتوح هو,هل المحل مفتوح يوم الثلاثاء
09_0445,هو ثلج قليل هنا,الثلج نادر هنا
09_0446,هو تاريخ وقت ولاده,متى موعد الولاده
09_0447,انا حضور تاريخ وقت محدد تاخير,حضرت للموعد متاخر
09_0448,انا رغبه شكوى سبب ازعاج,اريد تقديم شكوى بسبب الازعاج
09_0449,انا اخ رغبه طياره تخفيض,ابي يريد بدل اعاقه
09_0450,انا رغبه كلمه منزل نقل,اريد نقل ملكيه المنزل
09_0451,هو ملكيه منزل خوف انا,هو مالك المنزل الجديد
09_0452,انا جد رغبه حب سوال اخبار تلفاز,جدي يحب مشاهده الاخبار التلفزيونيه
09_0453,انا اخ بناء سوال جبل,اخي يبني بيت فوق الجبل
09_0454,رياضه فائده صحه,الرياضه مفيده للصحه
09_0455,انا مشاهده هويه نظر سوال الاربعاء,لقد وجدت هويتي يوم الاربعاء
09_0456,استفهام بطاقه يوجد,هل لديك رخصه
09_0457,ممنوع اكل بقره جبن انواع,ممنوع ان اكل منتجات الالبان
09_0458,انا جد جيد غني,جدي جيد وغني
09_0459,تقديم فقير اكل,اعطي الفقير اكل
09_0460,استفهام حب بقره او عصير,هل تحب الحليب ام العصير
09_0461,انا غرفه لون وردي,غرفتي لونها وردي
09_0462,موقع منزل سوال,ما هو عنوانك
09_0463,انا ضياع كتاب قصه,فقدت كتاب القصه
09_0464,اتصال زوج,اتصلت بزوجي
09_0465,هو طير دخل سرير تحت,الطائر تحت السرير
09_0466,انا طاعه جد,انا احترم جدي
09_0467,الان تاريخ اثنان عشر,اليوم هو الثاني من اكتوبر
09_0468,انا غدا منزل ترتيب تنظيف,انا ارتب المنزل يوميا
09_0469,استئذان غدا عوده,من قضلك تعال غدا
09_0470,انا رغبه دوره_مياه,اريد ان اذهب الى الحمام
09_0471,زوج هو شراء كل_يوم الجمعه منزل اعطاء,زوجي يشتري اغراض المنزل يوم الجمعه
09_0472,رغبه لا انتظار,اكره الانتظار
09_0473,مال دفع بطاقه سياره مال رخيص,رسوم رخصه القياده رخيصه
09_0474,انا رغبه صوره_شخصيه اربع,انا اريد اربع صور ضوئيه
09_0475,انا اخ عمل بدون,اخي عاطل عن العمل
09_0476,عمر ام انا اثنان_ثلاثون سن,عمر امي اثنان و ثلاثون سنه
09_0477,هو استفهام هو ولد شخص صفه سرقه سوال,صف الرجل الذي سرق
09_0478,هو ولد ولاده اتقان صباح,ولد الطفل سليم في الصباح
09_0479,مشاهده صعب تقلب سبب ازعاج صراخ,اجد صعوبه في النوم بسبب الازعاج
09_0480,انا اخ بنت زواج تاريخ السبت قادم,اختي ستتزوج يوم السبت القادم
09_0481,انا مشاهده معرفه مدرسه,انا استمع للدرس
09_0482,انا حفظ مدرسه داخل مدرسه,انا احفظ الدرس في المدرسه
09_0483,انا ام عمل داخل منزل داخل,امي تعمل في البيت
09_0484,انا رغبه تحويل د بطن,اريد تحويل من طبيب الجهاز الهضمي
09_0485,تاريخ سوال د عوده تاريخ سوال,متى سيعود الطبيب الى المستشفى
09_0486,انا ابن بنت عمر اربع_سنوات,ابنتي عمرها اربع سنوات
09_0487,انا سياره حافله,انا اقود الحافله
09_0488,انا زياره هو جد اسبوع مستمر,ازور جدي كل اسبوع
09_0489,انا سعيد سبب صيف اغلاق,انا سعيد بعطله الصيف
09_0490,انا لبس بنطال لون ازرق,انا البس بنطلون جينز ازرق
09_0491,انا استفراغ دوخه حمى الان,انا اتقيا واعاني من دوخه وحمى الان
09_0492,انا ذهاب فيلم سينما وقت اثنان ليل,انا اذهب الى السينما الساعه الثانيه مساء
09_0493,انا اخ عضو مع السعوديه قصه كره_قدم,اخي عضو في الفريق السعودي لكره القدم
09_0494,بيع جد بيع مزرعه,باع جدي المزرعه
09_0495,معلم بنت نداء اخ بنت,المعلمه تنادي اختي
09_0496,دراجه_ناريه هو خطر,الدراجه الناريه خطيره
09_0497,سوال اخر شهاده سوال,ما هي نتائج الاختبار
09_0498,انا غسل_يد قبل اكل,اغسل يدي قبل الاكل
09_0499,بنت هو لبس لون ابيض,المراه ترتدي لبس ابيض
09_0500,استفهام نسخ بطاقه هو,هل لديك نسخه من التصريح
13_0001,سوال هو,من هو
13_0002,هو معلم لغه اشاره,هو مدرس لغه اشاره
13_0003,استفهام هو معلم هو,هل انت مدرس
13_0004,هو معلم لا انا مدرسه,انت لست مدرس انا طالب
13_0005,هو سوال,هو من
13_0006,هو صديق مدرسه,هو زميلي في المدرسه
13_0007,استفهام هو صديق مدرسه,هل هو زميلك في المدرسه
13_0008,انا اسره رقم ثلاث اشخاص,اسرتي تتكون من ثلاث اشخاص
13_0009,رقم عمر ابن بنت,كم عمر ابنتك
13_0010,عمر اربع سن عمر,عمرها اربع سنوات
13_0011,عمر سن خمسون سن,عمره خمسين سنه
13_0012,سوال بنت ابن,اين ابنته
13_0013,عمر ابن خمسون سن,عمر ابنه خمسين سنه
13_0014,معرفه هو لغه اشاره,هو يعرف لغه الاشاره
13_0015,معرفه لغه اشاره,اعرف لغه الاشاره
13_0016,هو معرفه ام لغه اشاره,هل تعرف والدتك لغه الاشاره
13_0017,لا معرفه لغه اشاره,لا تعلم لغه الاشاره
13_0018,ممكن هو قدره كتابه اسم هو,ممكن تكتب اسمك
13_0019,انا كتابه,انا اكتب
13_0020,استفهام تاريخ الان سوال,ما هو تاريخ اليوم
13_0021,الان واحد شهر عشر,اليوم هو واحد اكتوبر
13_0022,انا ذهاب مدرسه سبب كره_قدم,انا اذهب الى المدرسه لالعب كره القدم
13_0023,انا قلب قدره,انوي القيام به
13_0024,هو رغبه شرب سوال,ماذا تريد ان تشرب
13_0025,انا رغبه شرب شاي,انا اريد ان اشرب الشاي
13_0026,هو رغبه اكل سوال,ماذا تريد ان تاكل
13_0027,انا رغبه اكل رز,اريد ان اكل رز
13_0028,انا رغبه ذهاب مكتبه بعد صيف,اريد ان اذهب الى المكتبه بعد الظهر
13_0029,هو رغبه بعد صيف سوال,ماذا تريد ان تفعل بعد الظهر
13_0030,انا رغبه ذهاب لوحه بقاله,اريد ان اذهب الى السوبرماركت بعد الظهر
13_0031,سبب رغبه شراء,ماذا تريد ان تشتري
13_0032,انا رغبه كوب شراء,اريد شراء كوب
13_0033,انا رغبه معرفه لغه اشاره,اريد ان اتعلم لغه الاشاره
13_0034,انا رغبه ذهاب مدرسه سبب قراءه غدا,اريد ان اذهب الى المدرسه لقراءه الكتب غدا
13_0035,رقم معلم مدرسه هو,كم عدد المدرسين في مدرستك
13_0036,رقم اشخاص مدرسه هو مدرسه,كم عدد الاشخاص في مدرستك
13_0037,سوال قط,اين القطه
13_0038,قط صغير تحت طاوله,القط الصغير تحت الطاوله
13_0039,اب هو منزل يوجد,والدك في المنزل
13_0040,لا منزل لا_يوجد,ليس في المنزل
13_0041,سوال اب,اين والدك
13_0042,اب مستشفى يوجد,والدي في المستشفى
13_0043,سوال عمل,اين يعمل
13_0044,صديق انا مدرسه,صديقي في المدرسه
13_0045,انا ام منزل,امي في المنزل
13_0046,سوال كوب شرب,اين الكوب
13_0047,سوال صديق هو,اين اصدقائك
13_0048,قراءه سوال مكان مدرسه,القراءه في المدرسه
13_0049,طاوله هو سوال,ماذا يوجد على الطاوله
13_0050,طاوله كتاب لاب_توب يوجد,هناك كتب و كمبيوترعلى الطاوله
13_0051,هو اسم هو,ما اسمه
13_0052,اسم هو ولد خلف,ما اسم ذلك الرجل في الخلف
13_0053,استئذان انا كرسي الان,ممكن اجلس على الكرسي
13_0054,استئذان دعوه كرسي,من فضلك اجلس
13_0055,سوال كرسي يوجد سوال,ماذا يوجد على الكرسي
13_0056,كرسي قط صغير فوق_كرسي,هناك قط صغير على الكرسي
13_0057,يوجد مدرسه يوجد بيع,يوجد متجر في المدرسه
13_0058,رقم وقت الان,كم الوقت الان
13_0059,وقت سوال عشر,الساعه العاشره
13_0060,وقت هو صيف اكل وقت سوال,متى تاكل في الظهر
13_0061,تاريخ وقت اب انا منزل اخر تاريخ,متى سيعود ابي الى المنزل
13_0062,وقت خمس ليل,الوقت الخامسه مساء
13_0063,هو تاريخ ذهاب سينما فيلم تاريخ,متى نذهب الى السينما
13_0064,هو الان مطر,يوجد مطر الان
13_0065,لا مطر الان لا,لا يوجد مطر الان
13_0066,لا برد الان,لا يوجد برد الان
13_0067,سوال صحه هو,كيف حالك
13_0068,شكر د,شكرا دكتور
13_0069,هو مطر غدا,هل ستمطر غدا
13_0070,لا غدا مطر لا,لن تمطر غدا
13_0071,هو عمل سوال,ماذا تعمل
13_0072,انا شعر قراءه,انا اقرا
13_0073,انا شراء تفاحه موزه انواع,انا اشتريت فواكه
13_0074,انا سعيد مقابله,انا سعيد بلقائك
13_0075,هو رغبه رياضه سوال قلب رغبه سوال,ما هي الرياضه التي تحبها
13_0076,انا حب كره_قدم كثير حب,احب لعب كره القدم كثيرا
13_0077,سوال هو شراء تفاحه,هل اشتريت التفاح
13_0078,انا شراء تفاحه لا_يوجد,انا لم اشتري التفاح
13_0079,هو لبس جيد حلو,لبسه جميل
13_0080,جو برد قليل,الجو بارد قليلا
13_0081,انا الان ماضي تعب,كنت متعب قليلا امس
13_0082,هو مشاهده هاتف مشاهده,هل رايت هاتفي
13_0083,هو صديق انا,هو صديقي
13_0084,سوال عمر اخ هو,كم هو عمر اخيك
13_0085,انا استيقاظ وقت خمس صباح كل_يوم,استيقظ في الخامسه كل صباح
13_0086,نهايه كتابه منزل نهايه,انتهيت من واجباتي
13_0087,انا خلط اكل خلط كل_يوم ليل,اطبخ كل ليله
13_0088,انا خوف,انا خائف
13_0089,سبب خوف,لماذا انت خائف
13_0090,دعوه مع دعوه اكل ليل دعوه الان ليل,لنتناول العشاء معا الليله
13_0091,سوال كرسي حمام,اين الحمام
13_0092,انا رغبه شرب بقره,اريد ان اشرب الحليب
13_0093,اعاده عوده مدرسه حافله,نعود الى المدرسه بالحافله
13_0094,هو اكل صباح اكل هو,هل اكلت الفطور
13_0095,انا اب خلط اكل نارغرفه,ابي يعد العشاء في المطبخ
13_0096,مكتبه مدرسه جميل,مكتبه المدرسه جميله
13_0097,لا حب اكل موز,لا احل اكل الموز
13_0098,كتاب جواز تذكره طياره حقيبه_يد يوجد,جواز سفري و تذكره الطياره في الحقيبه
13_0099,انا اب حادث,تعرض ابي لحادث
13_0100,انا اكل ليل وقت تسع,انا اكل العشاء الساعه التاسعه
13_0101,انا زوج عمل كثير,زوجي يعمل كثيرا
13_0102,زوج عمل سوال اكل لوحه,زوجي يعمل في المطعم
13_0103,هو طفل رغبه لعب انواع كثير,يريد الطفل العاب متنوعه
13_0104,رغبه حذاء خوف,اريد حذاء جديد
13_0105,انا رغبه تلفاز حاسب خوف,اريد كمبيوتر جديد
13_0106,هو رغبه دراجه,اريد دراجه
13_0107,زهره مطر رغبه,الزهور تحتاج المطر
13_0108,استفهام هو جوع اكل هو,هل انت جائع
13_0109,هو يوجد سلطه اتقان,هل لديك سلطه طازجه
13_0110,استفهام هو تفاحه اتقان,هل لديك تفاح طازج
13_0111,اخ جوع,اخي جائع
13_0112,هو ام جوع,والدتك جائعه
13_0113,الان تفاحه موزه يوجد لوحه,يوجد اليوم تفاح و موز في السوبرماركت
13_0114,هو مساعده,هل تساعدني
13_0115,شرطه استفهام منزل ام سوال,يسالني الشرطي عن مكان والدتي
13_0116,تاريخ زوج هو ذهاب سينما,متى سيذهب زوجك للسينما
13_0117,معلم ذهاب مركز صم يوم الاربعاء,يذهب المعلم الى مركز الصم يوم الاربعاء
13_0118,شخص صم ذهاب مركز صم,يذهب الاصم الى مركز الصم
13_0119,انا بيتزا سوال لوحه اكل,انا اكل البيتزا في المطعم
13_0120,هو رغبه حب اكل شوكولاته بسكوت حب هو,تحب ان تاكل البسكوت و الشوكولاته
13_0121,انا سياره ركوب ذهاب لوحه بقاله شوكولاته,انا اقود الى السوبرماركت
13_0122,بنت دراجه,البنت تركب دراجه
13_0123,انا صديق دراجه ماضي,ركب صديقي دراجه امس
13_0124,شرطه دراجه_ناريه,يركب الشرطي دراجه ناريه
13_0125,ولد صم هو سياره قدره,الرجل الاصم يقود سياره
13_0126,مدرسه شخص سياره ذهاب وصل مركز سياره,ياتي الطالب الى المعهد بالسياره
13_0127,استفهام الحذاء مشاهده سوال,هل رايت الحذاء
13_0128,هو قدره مشاهده نظاره,هل رايت النظارات
13_0129,لاب_توب حاسب مشاهده لاب_توب,هل رايت الكمبيوتر
13_0130,انا ذهاب سينما الان ليل,انا ذاهب الى السينما الليله
13_0131,اخ ذهاب اكل لوحه,ذهب اخي الى المطعم
13_0132,انا ذهاب لوحه شوكولاته بقاله انواع شراء,انا ذاهب الى السوبرماركت
13_0133,زوج ذهاب لوحه بقاله,يذهب الزوج الى السوبرماركت
13_0134,دعوه نداء اكل رغبه تعداد,اطلب من النادل
13_0135,الان برد ليل برد,الجو بارد الليله
13_0136,الان برد ماضي مركز صم,شعرت بالبرد في مركز الصم امس
13_0137,انا شعور برد حافله داخل ليل الان,انا اشعر بالبرد في الحافله الليله
13_0138,شراء شاي شرب رغبه هو,هل تريد شراء الشاي
13_0139,انا شراء شوكولاته,انا اشتري الشوكولاته
13_0140,ولد شخص شراء ماء,الولد يشتري الماء
13_0141,انا غدا حاسب شراء,سوف اشتري كمبيوتر غدا
13_0142,الان خس ال خ س لوحه بقاله,اليوم نشتري الخس من السوبرماركت
13_0143,انا الان خلط اكل,انا اطبخ الان
13_0144,الان خلط لا,لا اطبخ الان
13_0145,وقت سوال حافله دخول,متى تاتي الحافله
13_0146,وقت رئيس ذهاب وقت سوال,متى ياتي الرئيس
13_0147,رقم بسكوت مال تفاحه مال رقم,كم سعر البسكوت والتفاح
13_0148,زوج هو معرفه لغه اشاره,زوجك يتعلم لغه الاشاره
13_0149,هو صديق هو معرفه لغه اشاره,صديقك يتعلم لغه الاشاره
13_0150,بنت هو قراءه,المراه تقرا
13_0151,ولد قراءه,الولد يقرا
13_0152,صديق كتاب قراءه,صديقي يقرا كتاب
13_0153,ام قراءه كل_يوم السبت,الام تقرا كتاب يوم السبت
13_0154,اخ حب كتاب خوف هو,يحب اخوك قراءه كتاب جديد
13_0155,انا حب شاي,نحن نحب الشاي
13_0156,انا حب بقره اتقان,انا احب الحليب الطازج
13_0157,طفل حب ثلج هو,الطفل يحب الثلج
13_0158,انا حب شوكولاته بقره,انا احب الشوكولاته و الحليب
13_0159,هو حب شوكولاته بسكوت,تحب الشوكولاته او البسكوت
13_0160,سلطه اتقان ممتاز,السلطه الطازجه طعمها جيد
13_0161,موزه تفاحه اتقان ممتاز جيد,طعم الموز والتفاح الطازج جيد
13_0162,انا صديق كتابه,صديقي يكتب
13_0163,ممكن صديق قدره كتابه,يمكن لصديقي ان يكتب
13_0164,لعب هو ممتاز,اللعبه جميله
13_0165,انا بحث تفاحه احمر,انا ابحث عن تفاح احمر
13_0166,هو رغبه قهوه شاي رغبه سوال,هل تريد قهوه او شاي
13_0167,هو بحث قهوه شاي,هل تريد شاي ام قهوه
13_0168,انا بحث تفاحه احمر شوكولاته,انا ابحث عن تفاح احمر و شوكولاته
13_0169,رئيس اتصال,الرئيس على الهاتف
13_0170,استفهام غدا صديق لقاء,هل ستلتقي بصديقك غدا
13_0171,انا غدا صديق لقاء,سالتقي بصديقي غدا
13_0172,هو شرب هو,هو يشرب ماء
13_0173,انا شرب ماضي,شربت الماء امس
13_0174,ولد شخص ماء هو,الولد يشرب الماء
13_0175,نسيان دراجه,نسيت الدراجه
13_0176,انا جميع جوع,نحن جائعون
13_0177,حافله خوف هو,الحافله جديده
13_0178,سوال بيتزا,اين البيتزا
13_0179,نظاره غالي,النظارات غاليه
13_0180,حذاء رخيص,الحذاء رخيص
13_0181,حاسب لاب_توب غالي,الكمبيوتر غالي السعر
13_0182,شوكولاته صحه,الشوكولاته صحيه
13_0183,اب مستشفى منزل سبب حادث,والدي في المستشفى لانه تعرض لحادث
13_0184,استئذان عصير تفاحه,من فضلك اعطني عصير تفاح
13_0185,رغبه صوره قط صغير,ابني يريد تصوير القط الصغير
13_0186,انا خوف ولاده قبل وقت,اخاف من الولاده قبل الاوان
13_0187,انا ام ذهاب مستشفى سبب مرض,ذهبت والدتي الى المستشفى لانها مريضه
13_0188,انا نوم تقلب,اجد صعوبه في النوم
13_0189,ابن زعل سبب كلب موت,ابني حزين لان الكلب مات
13_0190,جد ماضي هو حزن سبب طير موت,جدي حزين لان الطائر مات
13_0191,انا زعل سبب قط موت الان صباح,انا حزين لان قطتي ماتت هذا الصباح
13_0192,انا ذهاب مزرعه شراء بيض موزه انواع,اذهب الى المزرعه لشراء البيض و الموز
13_0193,وجوب استيقاظ وقت سبع كل_يوم,يجب ان استيقظ الساعه السادسه كل يوم
13_0194,انا صديق صم قدره ترجمه اشاره,صديقي اصم لكن يمكنني ان اترجم له
13_0195,استئذان تذكره طياره عطاء,من فضلك اعطني تذكره الرحله
13_0196,ترجمه ذهاب مركز الثلاثاء مستمر,المترجم يذهب الى المعهد كل يوم ثلاثاء
13_0197,انا حفيد رغبه سباحه بحر,احفادي يرغبون السباحه في البحر
13_0198,انا معرفه اخبار ترجمه مشاهده معرفه,انا افهم الاخبار مع الترجمه
13_0199,مشاهده شاشه قليل مشاهده اخبار,نادرا اشاهد الاخبار التلفزيونيه
13_0200,انا غدا وقت اثنان عمل خلاص,ينتهي عملي غدا الساعه الثانيه
13_0201,هو هاتف اتصال شرطه,انت اتصلت بالشرطه
13_0202,رغبه ساعه تخفيض طياره معاق,اريد خصم الرحله للمعاقين
13_0203,انا اسم سياره اسم,اريد نقل ملكيه سيارتي
13_0204,استفهام صدر خوف مسوول سوال سياره اسم,من سيكون المالك الجديد
13_0205,هو وجوب شرب زياده,يجب ان تشرب الكثير من الماء
13_0206,كتاب صباح صيف مكتبه لوحه صباح صيف,المكتب مفتوح في الصباح و الظهر
13_0207,ولد سرق هاتف,سرق شخص ما هاتفي
13_0208,انا ولد هو هاتف اخذ اختفاء,اخذ رجل الهاتف وهرب
13_0209,انت سوال ذهاب جري,الى اين ركض
13_0210,مستمر جري بحر,ركض الى الشاطئ
13_0211,سوال هو ماضي هو,اين كنت
13_0212,هو ماضي كوفي انتظار,كنت في مقهى
13_0213,هو انا بحث هاتف بحث جواب,سوف ابحث عن الهاتف و نبلغك
13_0214,هو رغبه اسبوع اخر راحه سعيد,اتمنى لك عطله نهايه اسبوع سعيده
13_0215,انا رغبه جواز سفر رغبه,اريد الحصول على جواز سفر
13_0216,رغبه شكوى,اريد تقديم شكوى
13_0217,انا رغبه طبيب د,انا بحاجه الى طبيب
13_0218,د يوجد غدا يوجد,الطبيب موجود غدا
13_0219,مشكله سوال,ما المشكله
13_0220,انا لا صحه سيئ,صحتي غير جيده
13_0221,انا استفراغ ثاني اسهال انا,انا اتقيا و اعاني من الاسهال
13_0222,تاريخ سوال اسهال تاريخ فتح,منذ متى تعاني من الاسهال
13_0223,ثلاث قبل,ثلاث ايام
13_0224,هو حمى هو,هل لديك حمى
13_0225,نعم انا دوخه,نعم انا اعاني من دوخه
13_0226,انا ماضي ثلاث اكل سوال,ماذا اكلت قبل ثلاث ايام
13_0227,انا رغبه وقت موعد صوره بطن رغبه,اريد موعدا لاجراء تصوير البطن بالموجات فوق الصوتيه
13_0228,هو تجنب بقره خضار انواع تجنب,تجنب منتجات الالبان و الخضار
13_0229,انا قدره دجاج سمكه,يمكنني اكل الدجاج و السمك
13_0230,تمام اريد اكل رز مكرونه قدره,بالطبع يمكن ان تاكل الرز و المكرونه
13_0231,انا عمل لا_يوجد تامين لا_يوجد,انا عاطل عن العمل و ليس لدي تامين
13_0232,هو دفع مال سوال,اين دفع الرسوم
13_0233,بنك اي_شي,في احد البنوك
13_0234,هو مقابله ملكيه مقابله محادثه,هل تحدثت الى المالك
13_0235,اعاده عوده ثلاث عوده,تعال مره اخرى بعد ثلاث ايام
13_0236,هو عوده مع هو,هل جئتم معا
13_0237,ان_شاء_الله غدا دفع,ان شاء الله ادفع غدا
13_0238,رغبه مستقبل سعيد,اتمنى لك مستقبل سعيد
13_0239,مهم بطاقه هويه اخذ صوره,احتاج الى بطاقه الهويه و صوره ضوئيه
13_0240,ولد سرقه حقيبه_يد,سرق الرجل حقيبتي
13_0241,هو اختبار اخر شهاده,سيتم اختبارك و ستحصل على النتائج
13_0242,هو رخصه رسمي واحد ثلاث,ستكون الرخصه جاهزه في غضون ثلاث اسابيع
13_0243,بطاقه سوال اسابيع ثلاث,سيكون التصريح جاهز في غضون ثلاث اسابيع
13_0244,جواز كتاب اتقان ممكن عشر_ايام,سيكون جواز السفر جاهز في غضون عشر ايام
13_0245,وجوب دفع جواز سفر,يجب عليك دفع رسوم جواز السفر
13_0246,شكر,شكرا
13_0247,شكر مساعده,شكرا لمساعدتك
13_0248,صباح خير,صباح الخير
13_0249,صباح خير طاعه خدمه سوال,صباح الخير كيف يمكنني ان اخدمك
13_0250,صباح خير هو رغبه مساعده,صباح الخير هل تحتاج مساعده
13_0251,ولد صفه سوال,صف الرجل
13_0252,ولد طويل نحيف شعر اصفر قصير,كان الرجل طويل ونحيل وشعره اشقر قصير
13_0253,انا بطن الم,عندي الم في المعده
13_0254,انا جواز تاريخ انتهاء,جواز سفري منتهي الصلاحيه
13_0255,سبب ولد شخص لبس سوال,ماذا كان يرتدي الرجل
13_0256,ولد لبس بنطال احمر حذاء ابيض,الرجل يرتدي بنطال احمر و حذاء ابيض
13_0257,سوال جواز تاريخ انتهاء تاريخ سوال,ماهو تاريخ نهايه صلاحيه الجواز
13_0258,سن خمس,خمس سنوات
13_0259,سوال ضياع حقيبه_يد,كيف فقدت الحقيبه
13_0260,ماضي مرض خطر,اصبت بمرض خطير
13_0261,هاتف هويه ضياع سوال,كيف فقدت هاتفك و هويتك
13_0262,هو بطن ت س م م,لديك تسمم غذائي
13_0263,انا هويه ضياع,فقدت هويتي
13_0264,انا ممتاز اتقان,حالي ممتاز
13_0265,وقت مسافه طياره خارج مسافه تاريخ سوال,ما هي الفتره التي ستقضيها بالسفر الى الخارج
13_0266,تاريخ سرقه تاريخ سوال,متى حدثت السرقه
13_0267,ماضي,منذ زمن
13_0268,تاريخ فتح مرض,متى بدا المرض
13_0269,مرض ماضي صغير مرض,مرضت عندما كنت طفل
13_0270,دعوه انا رغبه مساعده,مرحبا انا بحاجه الى مساعده
13_0271,انا دعوه طاعه مساعده,مرحبا كيف يمكنني المساعده
13_0272,دعوه اخبار حال جيد,مرحبا ما اخبارك
13_0273,ليل خير,مساء الخير
13_0274,مع_السلامه,مع السلامه
13_0275,سوال ازعاج سوال,من يزعجك
13_0276,هو دواء ماضي يوجد,هل تناولت اي ادويه
13_0277,هو يوجد تحويل د,هل لديك تحويا من الطبيب
13_0278,انا نعم د بطن,نعم من طبيب الجهاز الهضمي
13_0279,هو يوجد تامين,هل لديك تامين
13_0280,نعم تامين,نعم لدي تامين
13_0281,هو رخصه سياره هو,هل لديك رخصه سياره
13_0282,هو بطاقه صوره هويه هو,هل عندك بطاقه هويتك
13_0283,ثاني صوره سوال جواز_سفر,و صوره جواز السفر
13_0284,ولاده طفل اتقان,ولد الطفل سليم
13_0285,ولاده ماضي تسع,ولد الطفل قبل الاوان
13_0286,وجوب طلب صوره هويه,يجب عليك احضار صوره من هويتك
13_0287,سوال هو هاتف مشاهده سوال,هل رايت الهاتف
13_0288,طاوله على,على الطاوله
13_0289,استفهام سوال سرقه هاتف هو,من الذي سرق الهاتف
13_0290,هو كتابه تفاصيل حال,اكتب الحدث بالتفصيل
13_0291,هو عضو مع السعوديه قصه,هل انت عضو في الفريق السعودي
13_0292,نعم انا مع السعوديه قصه رمايه صم,نعم انا في الفريق السعودي للرمايه للصم
13_0293,غدا شهاده تقديم,ساحضر الشهاده غدا
13_0294,سوال عمر سن,كم عمرك
13_0295,انا تعليم ولد اخر شهاده,انا ادرس وابني لديه شهاده
13_0296,انا رغبه لا ممتاز,لا احتاج شيء
13_0297,هو قلم يوجد,هل لديك قلم
13_0298,هو كتابه تاريخ الان,اكتب تاريخ اليوم
13_0299,انا رغبه بطاقه سياره,اريد الحصول على رخصه قياده
13_0300,استفهام دواء قدره هو,هل تناولت الدواء
13_0301,انا نوم ليل,انام ليلا
13_0302,انا حب لون ابيض كره لون اسود,احب اللون الابيض واكره اللون الاسود
13_0303,انا رغبه شراء سوق لوحه,اريد ان اشتري اغراض منزلي من السوبرماركت
13_0304,انا اسم ا ح م د,اسمي احمد
13_0305,انا عمل ترجمه لغه اشاره,انا اعمل مترجم لغه اشاره
13_0306,انا قراءه كتاب,انا اقرا الكتاب
13_0307,انا مع اسره مع مشاهده كره_قدم مباراه,انا واسرتي ذهبنا لمشاهده مباراه كره قدم
13_0308,انا رغبه ذهاب مستشفى سبب ابن مرض,اريد الذهاب للمستشفى بسبب ابني مريض
13_0309,انا اب بيع تصوير,ابي باع الكاميرا
13_0310,اب انا لون حب لون ازرق ام لون حب سوال وردي,ابي يحب اللون الازرق وامي تحب اللون الوردي
13_0311,انا حب اب,احب ابي
13_0312,انا حب بنت اخ,احب اختي
13_0313,انا حب صلاه,احب صلاه
13_0314,انا حب اكل,احب الطعام
13_0315,انا حب صديق,احب زميلي
13_0316,انا اخ بنت جميل,اختي جميله
13_0317,انا اخ زواج الثلاثاء قادم,اخي سيتزوج يوم الثلاثاء القادم
13_0318,حقيبه_ظهر حقيبه_يد خفيف,الحقيبه خفيفه
13_0319,انا اخ سياره سرعه,اخي يقود السياره بسرعه
13_0320,انا مساعده ام منزل,اساعد امي في المنزل
13_0321,انا مساعده فقير,اساعد الفقراء
13_0322,انا صديق مدرسه مع ثلاث بنت ولد خمس,اصدقائي في المدرسه ثلاث بنات و خمس اولاد
13_0323,انا معرفه لغه اشاره,انا اتعلم لغه الاشاره
13_0324,انا وضوء صلاه,انا اتوضا للصلاه
13_0325,انا حب كره_قدم صيد سمكه,انا احب كره القدم وصيد السمك
13_0326,انا طاعه سوال معلم,انا احترم المعلم
13_0327,انا زياره اقارب مستمر,انا ازور اقاربي دائما
13_0328,انا عمل معلم مدرسه,انا اعمل معلم مدرسه
13_0329,انا نار خلط صباح اكل,انا اجهز الفطور
13_0330,انا حفظ مدرسه قراءه,انا احفظ الدرس
13_0331,انا مدرسه جامعه,انا ادرس في الجامعه
13_0332,انا معرفه قراءه مدرسه,انا اذاكر دروسي
13_0333,انا ذهاب مدرسه,انا اذهب للمدرسه
13_0334,انا مشي منزل,انا اذهب للمنزل
13_0335,انا فوضى ترتيب غرفه نوم,انا ارتب غرفتي
13_0336,انا طاعه معلم بنت,انا استمع للمعلمه
13_0337,انا ذهاب مع اب صلاه الجمعه,انا ذاهب مع والدي الي صلاه الجمعه
13_0338,انا زوج مع كل_يوم مشي,انا وزوجتي نمشي يوميا
13_0339,اب نوم سرير,ابي ينام على السرير
13_0340,الاسبوع_الماضي جد موت رحمه الله,الاسبوع الماضي جدي مات رحمه الله
13_0341,الاسبوع_الماضي صديق جد موت,الاسبوع الماضي صديقي جده مات
13_0342,الجمعه السبت اجازه,الجمعه و السبت عطله
13_0343,شرطه قال ممنوع انتظار,الشرطي قال ممنوع الانتظار
13_0344,صيف نهايه ذهاب برد,الصيف انتهى و جاء الشتاء
13_0345,غني مساعده فقير,الغني يساعد الفقير
13_0346,ولد ذهاب مدرسه ابتسامه,الولد يخرج من المدرسه سعيد
13_0347,ولد دخل مدرسه خوف,الولد يدخل المدرسه خائف
13_0348,هو ابن بنت اول عمر سن سوال اسم سوال,ابنتك الاولى كم عمرها و ما اسمها
13_0349,رقم عمر ابن ولد,كم عمر ابنك
13_0350,اب هو اسم سوال,ابوك ما اسمه
13_0351,ام اب صم,ابي و امي من الصم
13_0352,انا اخ موزه اكل صباح,اخي ياكل الموز صباحا
13_0353,استيقاظ وقت ست صباح,استيقظ الساعه السادسه فجرا
13_0354,اسف فهم كلام لا انا,اسف لا افهم ما تقول
13_0355,انا اسم م ر ا د,اسمي مراد
13_0356,انا تنظيف_اسنان,اغسل اسناني
13_0357,غسل_وجه,اغسل وجهي
13_0358,غسل_يد,اغسل يدي
13_0359,بحر لون ازرق,البحر ازرق
13_0360,عضل رياضه فائده صحه,البروتين مفيد للجسم
13_0361,منزل جدار لون ابيض,الجدار ابيض
13_0362,مدرسه سهل,الدرس سهل
13_0363,مدرسه مشاهده فائده,الدرس مفيد
13_0364,ولد شخص صعود جبل,الرجل يصعد الجبل
13_0365,السبت ماضي انا تعب,السبت الماضي كنت متعب
13_0366,السلام_عليكم,السلام عليكم
13_0367,ولد بناء منزل جميل,الشاب يبني بيت جميل
13_0368,شباب شخص رغبه سباحه,الشاب يحب السباحه
13_0369,صلاه حلو,الصلاه جميله
13_0370,د مساعده انسان,الطبيب يساعد الناس
13_0371,اكل فائده مستشفى,الطعام صحي
13_0372,قلم لون ازرق,القلم ازرق
13_0373,لون قلم انا خاص,القلم هذا لي
13_0374,مدرسه جميل,الكتاب رائع
13_0375,ترجمه سريع ذكي,المترجم سريع وذكي
13_0376,نوم فندق ممتاز سعيد,النوم بالفندق مريح
13_0377,ولد هو كتابه,الولد يكتب الدرس
13_0378,ولد شخص لعب,الولد يلعب
13_0379,مع_السلامه,الى اللقاء
13_0380,ام نداء انا اخ,امي تنادي اخي
13_0381,انا فهم لغه اشاره قليل,انا افهم لغه الاشاره قليلا
13_0382,انا كره طفل بكاء,انا اكره بكاء الطفل
13_0383,انا سعيد سبب مشاهده,انا سعيد برويتك
13_0384,انا عمر اثنان_ثلاثون سن,انا عمري ٣٢ سنه
13_0385,هو حب قهوه كوفي,انت تحب القهوه
13_0386,هو شخص ذكي,انت شخص ذكي
13_0387,هو سوال منزل موقع سوال,ما هو عنوان منزلك
13_0388,انا جد ماضي شراء مزرعه,جدي اشترى مزرعه
13_0389,جد ماضي حب شاي اب انا حب قهوه,جدي يحب الشاي و ابي يحب القهوه
13_0390,مدرسه قصه يوجد طاوله هو,كتاب القصه على الطاوله
13_0391,استفهام سوال ابن جيد,كيف حال ابنك
13_0392,استفهام سوال شخص هو اسره جيد,كيف حال اسرتك
13_0393,انا زوج لا_يوجد,انا لست متزوج
13_0394,مع ذهاب,نذهب معا
13_0395,استفهام هو اسم سوال,ما هو اسمك
13_0396,هو عمل سوال,ماذا تعمل
13_0397,انا صم,انا اصم
13_0398,استفهام هو صم,هل انت اصم
13_0399,استفهام هو زوج,هل انت متزوج
13_0400,كل_يوم صباح مشي وقت اثنان,يوميا في الصباح امشي لمده ساعتين
13_0401,انا رغبه اكل مكرونه,اريد ان اكل المكرونه
13_0402,انا رغبه شراء بيض رز,اريد شراء البيض و الرز
13_0403,انا رغبه ذهاب بحر,اريد ان اذهب الى البحر
13_0404,هو بنت شخص حذاء اسود فستان لون وردي,البنت ترتدي حذاء اسود و فستان وردي
13_0405,صيف ذهاب صيد سمكه,في الصيف اذهب لصيد السمك
13_0406,انا اخ حب لون احمر,اخي يحب اللون الاحمر
13_0407,سرير خفيف سعيد,السرير مريح
13_0408,كلب خلف منزل,الكلب خلف الحائط
13_0409,انا سن الم سن,عندي الم في اسناني
13_0410,انا حفيد مع ذهاب قهوه كوفي,انا و احفادي ذهبنا الى المقهى
13_0411,انا اسف,انا اسف
13_0412,فندق داخل برد,الفندق بارد
13_0413,انا ابن ت س م م بطن,ابني يعاني من تسمم غذائي
13_0414,انا حب لا ال ب ق و ل ي ا ت,لا احب البقوليات
13_0415,انا معرفه سبب اختبار,انا اذاكر للاختبار
13_0416,انا وضوء قبل نوم,انا اتوضا قبل النوم
13_0417,ام نار خلط غرفه خلط,امي تطبخ الفطور في المطبخ
13_0418,طفل لعب بحر قريب,الطفل يلعب على الشاطى
13_0419,انا حب برد,احب البرد
13_0420,انا حب تفاحه موزه انواع صيف,احب اكل الفاكهه في الصيف
13_0421,انا لقاء اقارب مباراه,التقي باقاربي في المباراه
13_0422,سوال موقع بيع,اين المتجر
13_0423,انا ابن بنت بطن,ابنتي تعاني من الم في المعده
13_0424,انا اخ رغبه لا ال خ س,اختي لا تحب الخس
13_0425,دجاج طير في ب ر و ت ي ن,الدجاج فيه بروتين
13_0426,انا اخ مع ارنب قصه رمايه,اخي في فريق الرمايه
13_0427,انتظار اخ بنت جامعه,انتظر اختي في الجامعه
13_0428,شخص خدمه نحيف ركض سرعه,النادل نحيل وسريع
13_0429,طفل بكاء صراخ ازعاج,بكاء الطفل مزعج
13_0430,اخ بنت جديله لون اصفر,شعر اختي طويل ولونه اشقر
13_0431,ذاكره نسيان تذكره طياره,لقد نسيت تذكره الطياره
13_0432,لا طاوله كرسي لا,لا تجلس على الطاوله
13_0433,رغبه وقت اتقان د هضمي,اريد موعد مع طبيب الجهاز الهضمي
13_0434,ولد هو اختفاء شرطه,هرب الرجل من الشرطه
13_0435,انا غسل_وجه صباح,اغسل وجهي في الصباح
13_0436,انا شراء انا اخ شراء دراجه_ناريه,اشترى اخي دراجه ناريه
13_0437,انا منزل مدرسه اخر نهايه,انتهيت من واجباتي المدرسيه
13_0438,حقيبه_يد حقيبه_ظهر حقيبه_يد خفيف لا,الحقيبه ليست خفيفه
13_0439,كلب جبل صعود,الكلب يصعد الجبل
13_0440,ولد كتابه جدار كتابه,الولد يكتب على الجدار
13_0441,انا الثلاثاء شراء تصوير,ساشتري كاميرا يوم الثلاثاء
13_0442,ممنوع كرسي لا_2,ممنوع الجلوس
13_0443,سوال مال سوال صوره اسود بطن,كم سعر تصوير الموجات فوق الصوتيه للبطن
13_0444,استفهام لوحه الثلاثاء مفتوح هو,هل المحل مفتوح يوم الثلاثاء
13_0445,هو ثلج قليل هنا,الثلج نادر هنا
13_0446,هو تاريخ وقت ولاده,متى موعد الولاده
13_0447,انا حضور تاريخ وقت محدد تاخير,حضرت للموعد متاخر
13_0448,انا رغبه شكوى سبب ازعاج,اريد تقديم شكوى بسبب الازعاج
13_0449,انا اخ رغبه طياره تخفيض,ابي يريد بدل اعاقه
13_0450,انا رغبه كلمه منزل نقل,اريد نقل ملكيه المنزل
13_0451,هو ملكيه منزل خوف انا,هو مالك المنزل الجديد
13_0452,انا جد رغبه حب سوال اخبار تلفاز,جدي يحب مشاهده الاخبار التلفزيونيه
13_0453,انا اخ بناء سوال جبل,اخي يبني بيت فوق الجبل
13_0454,رياضه فائده صحه,الرياضه مفيده للصحه
13_0455,انا مشاهده هويه نظر سوال الاربعاء,لقد وجدت هويتي يوم الاربعاء
13_0456,استفهام بطاقه يوجد,هل لديك رخصه
13_0457,ممنوع اكل بقره جبن انواع,ممنوع ان اكل منتجات الالبان
13_0458,انا جد جيد غني,جدي جيد وغني
13_0459,تقديم فقير اكل,اعطي الفقير اكل
13_0460,استفهام حب بقره او عصير,هل تحب الحليب ام العصير
13_0461,انا غرفه لون وردي,غرفتي لونها وردي
13_0462,موقع منزل سوال,ما هو عنوانك
13_0463,انا ضياع كتاب قصه,فقدت كتاب القصه
13_0464,اتصال زوج,اتصلت بزوجي
13_0465,هو طير دخل سرير تحت,الطائر تحت السرير
13_0466,انا طاعه جد,انا احترم جدي
13_0467,الان تاريخ اثنان عشر,اليوم هو الثاني من اكتوبر
13_0468,انا غدا منزل ترتيب تنظيف,انا ارتب المنزل يوميا
13_0469,استئذان غدا عوده,من قضلك تعال غدا
13_0470,انا رغبه دوره_مياه,اريد ان اذهب الى الحمام
13_0471,زوج هو شراء كل_يوم الجمعه منزل اعطاء,زوجي يشتري اغراض المنزل يوم الجمعه
13_0472,رغبه لا انتظار,اكره الانتظار
13_0473,مال دفع بطاقه سياره مال رخيص,رسوم رخصه القياده رخيصه
13_0474,انا رغبه صوره_شخصيه اربع,انا اريد اربع صور ضوئيه
13_0475,انا اخ عمل بدون,اخي عاطل عن العمل
13_0476,عمر ام انا اثنان_ثلاثون سن,عمر امي اثنان و ثلاثون سنه
13_0477,هو استفهام هو ولد شخص صفه سرقه سوال,صف الرجل الذي سرق
13_0478,هو ولد ولاده اتقان صباح,ولد الطفل سليم في الصباح
13_0479,مشاهده صعب تقلب سبب ازعاج صراخ,اجد صعوبه في النوم بسبب الازعاج
13_0480,انا اخ بنت زواج تاريخ السبت قادم,اختي ستتزوج يوم السبت القادم
13_0481,انا مشاهده معرفه مدرسه,انا استمع للدرس
13_0482,انا حفظ مدرسه داخل مدرسه,انا احفظ الدرس في المدرسه
13_0483,انا ام عمل داخل منزل داخل,امي تعمل في البيت
13_0484,انا رغبه تحويل د بطن,اريد تحويل من طبيب الجهاز الهضمي
13_0485,تاريخ سوال د عوده تاريخ سوال,متى سيعود الطبيب الى المستشفى
13_0486,انا ابن بنت عمر اربع_سنوات,ابنتي عمرها اربع سنوات
13_0487,انا سياره حافله,انا اقود الحافله
13_0488,انا زياره هو جد اسبوع مستمر,ازور جدي كل اسبوع
13_0489,انا سعيد سبب صيف اغلاق,انا سعيد بعطله الصيف
13_0490,انا لبس بنطال لون ازرق,انا البس بنطلون جينز ازرق
13_0491,انا استفراغ دوخه حمى الان,انا اتقيا واعاني من دوخه وحمى الان
13_0492,انا ذهاب فيلم سينما وقت اثنان ليل,انا اذهب الى السينما الساعه الثانيه مساء
13_0493,انا اخ عضو مع السعوديه قصه كره_قدم,اخي عضو في الفريق السعودي لكره القدم
13_0494,بيع جد بيع مزرعه,باع جدي المزرعه
13_0495,معلم بنت نداء اخ بنت,المعلمه تنادي اختي
13_0496,دراجه_ناريه هو خطر,الدراجه الناريه خطيره
13_0497,سوال اخر شهاده سوال,ما هي نتائج الاختبار
13_0498,انا غسل_يد قبل اكل,اغسل يدي قبل الاكل
13_0499,بنت هو لبس لون ابيض,المراه ترتدي لبس ابيض
13_0500,استفهام نسخ بطاقه هو,هل لديك نسخه من التصريح
14_0001,سوال هو,من هو
14_0002,هو معلم لغه اشاره,هو مدرس لغه اشاره
14_0003,استفهام هو معلم هو,هل انت مدرس
14_0004,هو معلم لا انا مدرسه,انت لست مدرس انا طالب
14_0005,هو سوال,هو من
14_0006,هو صديق مدرسه,هو زميلي في المدرسه
14_0007,استفهام هو صديق مدرسه,هل هو زميلك في المدرسه
14_0008,انا اسره رقم ثلاث اشخاص,اسرتي تتكون من ثلاث اشخاص
14_0009,رقم عمر ابن بنت,كم عمر ابنتك
14_0010,عمر اربع سن عمر,عمرها اربع سنوات
14_0011,عمر سن خمسون سن,عمره خمسين سنه
14_0012,سوال بنت ابن,اين ابنته
14_0013,عمر ابن خمسون سن,عمر ابنه خمسين سنه
14_0014,معرفه هو لغه اشاره,هو يعرف لغه الاشاره
14_0015,معرفه لغه اشاره,اعرف لغه الاشاره
14_0016,هو معرفه ام لغه اشاره,هل تعرف والدتك لغه الاشاره
14_0017,لا معرفه لغه اشاره,لا تعلم لغه الاشاره
14_0018,ممكن هو قدره كتابه اسم هو,ممكن تكتب اسمك
14_0019,انا كتابه,انا اكتب
14_0020,استفهام تاريخ الان سوال,ما هو تاريخ اليوم
14_0021,الان واحد شهر عشر,اليوم هو واحد اكتوبر
14_0022,انا ذهاب مدرسه سبب كره_قدم,انا اذهب الى المدرسه لالعب كره القدم
14_0023,انا قلب قدره,انوي القيام به
14_0024,هو رغبه شرب سوال,ماذا تريد ان تشرب
14_0025,انا رغبه شرب شاي,انا اريد ان اشرب الشاي
14_0026,هو رغبه اكل سوال,ماذا تريد ان تاكل
14_0027,انا رغبه اكل رز,اريد ان اكل رز
14_0028,انا رغبه ذهاب مكتبه بعد صيف,اريد ان اذهب الى المكتبه بعد الظهر
14_0029,هو رغبه بعد صيف سوال,ماذا تريد ان تفعل بعد الظهر
14_0030,انا رغبه ذهاب لوحه بقاله,اريد ان اذهب الى السوبرماركت بعد الظهر
14_0031,سبب رغبه شراء,ماذا تريد ان تشتري
14_0032,انا رغبه كوب شراء,اريد شراء كوب
14_0033,انا رغبه معرفه لغه اشاره,اريد ان اتعلم لغه الاشاره
14_0034,انا رغبه ذهاب مدرسه سبب قراءه غدا,اريد ان اذهب الى المدرسه لقراءه الكتب غدا
14_0035,رقم معلم مدرسه هو,كم عدد المدرسين في مدرستك
14_0036,رقم اشخاص مدرسه هو مدرسه,كم عدد الاشخاص في مدرستك
14_0037,سوال قط,اين القطه
14_0038,قط صغير تحت طاوله,القط الصغير تحت الطاوله
14_0039,اب هو منزل يوجد,والدك في المنزل
14_0040,لا منزل لا_يوجد,ليس في المنزل
14_0041,سوال اب,اين والدك
14_0042,اب مستشفى يوجد,والدي في المستشفى
14_0043,سوال عمل,اين يعمل
14_0044,صديق انا مدرسه,صديقي في المدرسه
14_0045,انا ام منزل,امي في المنزل
14_0046,سوال كوب شرب,اين الكوب
14_0047,سوال صديق هو,اين اصدقائك
14_0048,قراءه سوال مكان مدرسه,القراءه في المدرسه
14_0049,طاوله هو سوال,ماذا يوجد على الطاوله
14_0050,طاوله كتاب لاب_توب يوجد,هناك كتب و كمبيوترعلى الطاوله
14_0051,هو اسم هو,ما اسمه
14_0052,اسم هو ولد خلف,ما اسم ذلك الرجل في الخلف
14_0053,استئذان انا كرسي الان,ممكن اجلس على الكرسي
14_0054,استئذان دعوه كرسي,من فضلك اجلس
14_0055,سوال كرسي يوجد سوال,ماذا يوجد على الكرسي
14_0056,كرسي قط صغير فوق_كرسي,هناك قط صغير على الكرسي
14_0057,يوجد مدرسه يوجد بيع,يوجد متجر في المدرسه
14_0058,رقم وقت الان,كم الوقت الان
14_0059,وقت سوال عشر,الساعه العاشره
14_0060,وقت هو صيف اكل وقت سوال,متى تاكل في الظهر
14_0061,تاريخ وقت اب انا منزل اخر تاريخ,متى سيعود ابي الى المنزل
14_0062,وقت خمس ليل,الوقت الخامسه مساء
14_0063,هو تاريخ ذهاب سينما فيلم تاريخ,متى نذهب الى السينما
14_0064,هو الان مطر,يوجد مطر الان
14_0065,لا مطر الان لا,لا يوجد مطر الان
14_0066,لا برد الان,لا يوجد برد الان
14_0067,سوال صحه هو,كيف حالك
14_0068,شكر د,شكرا دكتور
14_0069,هو مطر غدا,هل ستمطر غدا
14_0070,لا غدا مطر لا,لن تمطر غدا
14_0071,هو عمل سوال,ماذا تعمل
14_0072,انا شعر قراءه,انا اقرا
14_0073,انا شراء تفاحه موزه انواع,انا اشتريت فواكه
14_0074,انا سعيد مقابله,انا سعيد بلقائك
14_0075,هو رغبه رياضه سوال قلب رغبه سوال,ما هي الرياضه التي تحبها
14_0076,انا حب كره_قدم كثير حب,احب لعب كره القدم كثيرا
14_0077,سوال هو شراء تفاحه,هل اشتريت التفاح
14_0078,انا شراء تفاحه لا_يوجد,انا لم اشتري التفاح
14_0079,هو لبس جيد حلو,لبسه جميل
14_0080,جو برد قليل,الجو بارد قليلا
14_0081,انا الان ماضي تعب,كنت متعب قليلا امس
14_0082,هو مشاهده هاتف مشاهده,هل رايت هاتفي
14_0083,هو صديق انا,هو صديقي
14_0084,سوال عمر اخ هو,كم هو عمر اخيك
14_0085,انا استيقاظ وقت خمس صباح كل_يوم,استيقظ في الخامسه كل صباح
14_0086,نهايه كتابه منزل نهايه,انتهيت من واجباتي
14_0087,انا خلط اكل خلط كل_يوم ليل,اطبخ كل ليله
14_0088,انا خوف,انا خائف
14_0089,سبب خوف,لماذا انت خائف
14_0090,دعوه مع دعوه اكل ليل دعوه الان ليل,لنتناول العشاء معا الليله
14_0091,سوال كرسي حمام,اين الحمام
14_0092,انا رغبه شرب بقره,اريد ان اشرب الحليب
14_0093,اعاده عوده مدرسه حافله,نعود الى المدرسه بالحافله
14_0094,هو اكل صباح اكل هو,هل اكلت الفطور
14_0095,انا اب خلط اكل نارغرفه,ابي يعد العشاء في المطبخ
14_0096,مكتبه مدرسه جميل,مكتبه المدرسه جميله
14_0097,لا حب اكل موز,لا احل اكل الموز
14_0098,كتاب جواز تذكره طياره حقيبه_يد يوجد,جواز سفري و تذكره الطياره في الحقيبه
14_0099,انا اب حادث,تعرض ابي لحادث
14_0100,انا اكل ليل وقت تسع,انا اكل العشاء الساعه التاسعه
14_0101,انا زوج عمل كثير,زوجي يعمل كثيرا
14_0102,زوج عمل سوال اكل لوحه,زوجي يعمل في المطعم
14_0103,هو طفل رغبه لعب انواع كثير,يريد الطفل العاب متنوعه
14_0104,رغبه حذاء خوف,اريد حذاء جديد
14_0105,انا رغبه تلفاز حاسب خوف,اريد كمبيوتر جديد
14_0106,هو رغبه دراجه,اريد دراجه
14_0107,زهره مطر رغبه,الزهور تحتاج المطر
14_0108,استفهام هو جوع اكل هو,هل انت جائع
14_0109,هو يوجد سلطه اتقان,هل لديك سلطه طازجه
14_0110,استفهام هو تفاحه اتقان,هل لديك تفاح طازج
14_0111,اخ جوع,اخي جائع
14_0112,هو ام جوع,والدتك جائعه
14_0113,الان تفاحه موزه يوجد لوحه,يوجد اليوم تفاح و موز في السوبرماركت
14_0114,هو مساعده,هل تساعدني
14_0115,شرطه استفهام منزل ام سوال,يسالني الشرطي عن مكان والدتي
14_0116,تاريخ زوج هو ذهاب سينما,متى سيذهب زوجك للسينما
14_0117,معلم ذهاب مركز صم يوم الاربعاء,يذهب المعلم الى مركز الصم يوم الاربعاء
14_0118,شخص صم ذهاب مركز صم,يذهب الاصم الى مركز الصم
14_0119,انا بيتزا سوال لوحه اكل,انا اكل البيتزا في المطعم
14_0120,هو رغبه حب اكل شوكولاته بسكوت حب هو,تحب ان تاكل البسكوت و الشوكولاته
14_0121,انا سياره ركوب ذهاب لوحه بقاله شوكولاته,انا اقود الى السوبرماركت
14_0122,بنت دراجه,البنت تركب دراجه
14_0123,انا صديق دراجه ماضي,ركب صديقي دراجه امس
14_0124,شرطه دراجه_ناريه,يركب الشرطي دراجه ناريه
14_0125,ولد صم هو سياره قدره,الرجل الاصم يقود سياره
14_0126,مدرسه شخص سياره ذهاب وصل مركز سياره,ياتي الطالب الى المعهد بالسياره
14_0127,استفهام الحذاء مشاهده سوال,هل رايت الحذاء
14_0128,هو قدره مشاهده نظاره,هل رايت النظارات
14_0129,لاب_توب حاسب مشاهده لاب_توب,هل رايت الكمبيوتر
14_0130,انا ذهاب سينما الان ليل,انا ذاهب الى السينما الليله
14_0131,اخ ذهاب اكل لوحه,ذهب اخي الى المطعم
14_0132,انا ذهاب لوحه شوكولاته بقاله انواع شراء,انا ذاهب الى السوبرماركت
14_0133,زوج ذهاب لوحه بقاله,يذهب الزوج الى السوبرماركت
14_0134,دعوه نداء اكل رغبه تعداد,اطلب من النادل
14_0135,الان برد ليل برد,الجو بارد الليله
14_0136,الان برد ماضي مركز صم,شعرت بالبرد في مركز الصم امس
14_0137,انا شعور برد حافله داخل ليل الان,انا اشعر بالبرد في الحافله الليله
14_0138,شراء شاي شرب رغبه هو,هل تريد شراء الشاي
14_0139,انا شراء شوكولاته,انا اشتري الشوكولاته
14_0140,ولد شخص شراء ماء,الولد يشتري الماء
14_0141,انا غدا حاسب شراء,سوف اشتري كمبيوتر غدا
14_0142,الان خس ال خ س لوحه بقاله,اليوم نشتري الخس من السوبرماركت
14_0143,انا الان خلط اكل,انا اطبخ الان
14_0144,الان خلط لا,لا اطبخ الان
14_0145,وقت سوال حافله دخول,متى تاتي الحافله
14_0146,وقت رئيس ذهاب وقت سوال,متى ياتي الرئيس
14_0147,رقم بسكوت مال تفاحه مال رقم,كم سعر البسكوت والتفاح
14_0148,زوج هو معرفه لغه اشاره,زوجك يتعلم لغه الاشاره
14_0149,هو صديق هو معرفه لغه اشاره,صديقك يتعلم لغه الاشاره
14_0150,بنت هو قراءه,المراه تقرا
14_0151,ولد قراءه,الولد يقرا
14_0152,صديق كتاب قراءه,صديقي يقرا كتاب
14_0153,ام قراءه كل_يوم السبت,الام تقرا كتاب يوم السبت
14_0154,اخ حب كتاب خوف هو,يحب اخوك قراءه كتاب جديد
14_0155,انا حب شاي,نحن نحب الشاي
14_0156,انا حب بقره اتقان,انا احب الحليب الطازج
14_0157,طفل حب ثلج هو,الطفل يحب الثلج
14_0158,انا حب شوكولاته بقره,انا احب الشوكولاته و الحليب
14_0159,هو حب شوكولاته بسكوت,تحب الشوكولاته او البسكوت
14_0160,سلطه اتقان ممتاز,السلطه الطازجه طعمها جيد
14_0161,موزه تفاحه اتقان ممتاز جيد,طعم الموز والتفاح الطازج جيد
14_0162,انا صديق كتابه,صديقي يكتب
14_0163,ممكن صديق قدره كتابه,يمكن لصديقي ان يكتب
14_0164,لعب هو ممتاز,اللعبه جميله
14_0165,انا بحث تفاحه احمر,انا ابحث عن تفاح احمر
14_0166,هو رغبه قهوه شاي رغبه سوال,هل تريد قهوه او شاي
14_0167,هو بحث قهوه شاي,هل تريد شاي ام قهوه
14_0168,انا بحث تفاحه احمر شوكولاته,انا ابحث عن تفاح احمر و شوكولاته
14_0169,رئيس اتصال,الرئيس على الهاتف
14_0170,استفهام غدا صديق لقاء,هل ستلتقي بصديقك غدا
14_0171,انا غدا صديق لقاء,سالتقي بصديقي غدا
14_0172,هو شرب هو,هو يشرب ماء
14_0173,انا شرب ماضي,شربت الماء امس
14_0174,ولد شخص ماء هو,الولد يشرب الماء
14_0175,نسيان دراجه,نسيت الدراجه
14_0176,انا جميع جوع,نحن جائعون
14_0177,حافله خوف هو,الحافله جديده
14_0178,سوال بيتزا,اين البيتزا
14_0179,نظاره غالي,النظارات غاليه
14_0180,حذاء رخيص,الحذاء رخيص
14_0181,حاسب لاب_توب غالي,الكمبيوتر غالي السعر
14_0182,شوكولاته صحه,الشوكولاته صحيه
14_0183,اب مستشفى منزل سبب حادث,والدي في المستشفى لانه تعرض لحادث
14_0184,استئذان عصير تفاحه,من فضلك اعطني عصير تفاح
14_0185,رغبه صوره قط صغير,ابني يريد تصوير القط الصغير
14_0186,انا خوف ولاده قبل وقت,اخاف من الولاده قبل الاوان
14_0187,انا ام ذهاب مستشفى سبب مرض,ذهبت والدتي الى المستشفى لانها مريضه
14_0188,انا نوم تقلب,اجد صعوبه في النوم
14_0189,ابن زعل سبب كلب موت,ابني حزين لان الكلب مات
14_0190,جد ماضي هو حزن سبب طير موت,جدي حزين لان الطائر مات
14_0191,انا زعل سبب قط موت الان صباح,انا حزين لان قطتي ماتت هذا الصباح
14_0192,انا ذهاب مزرعه شراء بيض موزه انواع,اذهب الى المزرعه لشراء البيض و الموز
14_0193,وجوب استيقاظ وقت سبع كل_يوم,يجب ان استيقظ الساعه السادسه كل يوم
14_0194,انا صديق صم قدره ترجمه اشاره,صديقي اصم لكن يمكنني ان اترجم له
14_0195,استئذان تذكره طياره عطاء,من فضلك اعطني تذكره الرحله
14_0196,ترجمه ذهاب مركز الثلاثاء مستمر,المترجم يذهب الى المعهد كل يوم ثلاثاء
14_0197,انا حفيد رغبه سباحه بحر,احفادي يرغبون السباحه في البحر
14_0198,انا معرفه اخبار ترجمه مشاهده معرفه,انا افهم الاخبار مع الترجمه
14_0199,مشاهده شاشه قليل مشاهده اخبار,نادرا اشاهد الاخبار التلفزيونيه
14_0200,انا غدا وقت اثنان عمل خلاص,ينتهي عملي غدا الساعه الثانيه
14_0201,هو هاتف اتصال شرطه,انت اتصلت بالشرطه
14_0202,رغبه ساعه تخفيض طياره معاق,اريد خصم الرحله للمعاقين
14_0203,انا اسم سياره اسم,اريد نقل ملكيه سيارتي
14_0204,استفهام صدر خوف مسوول سوال سياره اسم,من سيكون المالك الجديد
14_0205,هو وجوب شرب زياده,يجب ان تشرب الكثير من الماء
14_0206,كتاب صباح صيف مكتبه لوحه صباح صيف,المكتب مفتوح في الصباح و الظهر
14_0207,ولد سرق هاتف,سرق شخص ما هاتفي
14_0208,انا ولد هو هاتف اخذ اختفاء,اخذ رجل الهاتف وهرب
14_0209,انت سوال ذهاب جري,الى اين ركض
14_0210,مستمر جري بحر,ركض الى الشاطئ
14_0211,سوال هو ماضي هو,اين كنت
14_0212,هو ماضي كوفي انتظار,كنت في مقهى
14_0213,هو انا بحث هاتف بحث جواب,سوف ابحث عن الهاتف و نبلغك
14_0214,هو رغبه اسبوع اخر راحه سعيد,اتمنى لك عطله نهايه اسبوع سعيده
14_0215,انا رغبه جواز سفر رغبه,اريد الحصول على جواز سفر
14_0216,رغبه شكوى,اريد تقديم شكوى
14_0217,انا رغبه طبيب د,انا بحاجه الى طبيب
14_0218,د يوجد غدا يوجد,الطبيب موجود غدا
14_0219,مشكله سوال,ما المشكله
14_0220,انا لا صحه سيئ,صحتي غير جيده
14_0221,انا استفراغ ثاني اسهال انا,انا اتقيا و اعاني من الاسهال
14_0222,تاريخ سوال اسهال تاريخ فتح,منذ متى تعاني من الاسهال
14_0223,ثلاث قبل,ثلاث ايام
14_0224,هو حمى هو,هل لديك حمى
14_0225,نعم انا دوخه,نعم انا اعاني من دوخه
14_0226,انا ماضي ثلاث اكل سوال,ماذا اكلت قبل ثلاث ايام
14_0227,انا رغبه وقت موعد صوره بطن رغبه,اريد موعدا لاجراء تصوير البطن بالموجات فوق الصوتيه
14_0228,هو تجنب بقره خضار انواع تجنب,تجنب منتجات الالبان و الخضار
14_0229,انا قدره دجاج سمكه,يمكنني اكل الدجاج و السمك
14_0230,تمام اريد اكل رز مكرونه قدره,بالطبع يمكن ان تاكل الرز و المكرونه
14_0231,انا عمل لا_يوجد تامين لا_يوجد,انا عاطل عن العمل و ليس لدي تامين
14_0232,هو دفع مال سوال,اين دفع الرسوم
14_0233,بنك اي_شي,في احد البنوك
14_0234,هو مقابله ملكيه مقابله محادثه,هل تحدثت الى المالك
14_0235,اعاده عوده ثلاث عوده,تعال مره اخرى بعد ثلاث ايام
14_0236,هو عوده مع هو,هل جئتم معا
14_0237,ان_شاء_الله غدا دفع,ان شاء الله ادفع غدا
14_0238,رغبه مستقبل سعيد,اتمنى لك مستقبل سعيد
14_0239,مهم بطاقه هويه اخذ صوره,احتاج الى بطاقه الهويه و صوره ضوئيه
14_0240,ولد سرقه حقيبه_يد,سرق الرجل حقيبتي
14_0241,هو اختبار اخر شهاده,سيتم اختبارك و ستحصل على النتائج
14_0242,هو رخصه رسمي واحد ثلاث,ستكون الرخصه جاهزه في غضون ثلاث اسابيع
14_0243,بطاقه سوال اسابيع ثلاث,سيكون التصريح جاهز في غضون ثلاث اسابيع
14_0244,جواز كتاب اتقان ممكن عشر_ايام,سيكون جواز السفر جاهز في غضون عشر ايام
14_0245,وجوب دفع جواز سفر,يجب عليك دفع رسوم جواز السفر
14_0246,شكر,شكرا
14_0247,شكر مساعده,شكرا لمساعدتك
14_0248,صباح خير,صباح الخير
14_0249,صباح خير طاعه خدمه سوال,صباح الخير كيف يمكنني ان اخدمك
14_0250,صباح خير هو رغبه مساعده,صباح الخير هل تحتاج مساعده
14_0251,ولد صفه سوال,صف الرجل
14_0252,ولد طويل نحيف شعر اصفر قصير,كان الرجل طويل ونحيل وشعره اشقر قصير
14_0253,انا بطن الم,عندي الم في المعده
14_0254,انا جواز تاريخ انتهاء,جواز سفري منتهي الصلاحيه
14_0255,سبب ولد شخص لبس سوال,ماذا كان يرتدي الرجل
14_0256,ولد لبس بنطال احمر حذاء ابيض,الرجل يرتدي بنطال احمر و حذاء ابيض
14_0257,سوال جواز تاريخ انتهاء تاريخ سوال,ماهو تاريخ نهايه صلاحيه الجواز
14_0258,سن خمس,خمس سنوات
14_0259,سوال ضياع حقيبه_يد,كيف فقدت الحقيبه
14_0260,ماضي مرض خطر,اصبت بمرض خطير
14_0261,هاتف هويه ضياع سوال,كيف فقدت هاتفك و هويتك
14_0262,هو بطن ت س م م,لديك تسمم غذائي
14_0263,انا هويه ضياع,فقدت هويتي
14_0264,انا ممتاز اتقان,حالي ممتاز
14_0265,وقت مسافه طياره خارج مسافه تاريخ سوال,ما هي الفتره التي ستقضيها بالسفر الى الخارج
14_0266,تاريخ سرقه تاريخ سوال,متى حدثت السرقه
14_0267,ماضي,منذ زمن
14_0268,تاريخ فتح مرض,متى بدا المرض
14_0269,مرض ماضي صغير مرض,مرضت عندما كنت طفل
14_0270,دعوه انا رغبه مساعده,مرحبا انا بحاجه الى مساعده
14_0271,انا دعوه طاعه مساعده,مرحبا كيف يمكنني المساعده
14_0272,دعوه اخبار حال جيد,مرحبا ما اخبارك
14_0273,ليل خير,مساء الخير
14_0274,مع_السلامه,مع السلامه
14_0275,سوال ازعاج سوال,من يزعجك
14_0276,هو دواء ماضي يوجد,هل تناولت اي ادويه
14_0277,هو يوجد تحويل د,هل لديك تحويا من الطبيب
14_0278,انا نعم د بطن,نعم من طبيب الجهاز الهضمي
14_0279,هو يوجد تامين,هل لديك تامين
14_0280,نعم تامين,نعم لدي تامين
14_0281,هو رخصه سياره هو,هل لديك رخصه سياره
14_0282,هو بطاقه صوره هويه هو,هل عندك بطاقه هويتك
14_0283,ثاني صوره سوال جواز_سفر,و صوره جواز السفر
14_0284,ولاده طفل اتقان,ولد الطفل سليم
14_0285,ولاده ماضي تسع,ولد الطفل قبل الاوان
14_0286,وجوب طلب صوره هويه,يجب عليك احضار صوره من هويتك
14_0287,سوال هو هاتف مشاهده سوال,هل رايت الهاتف
14_0288,طاوله على,على الطاوله
14_0289,استفهام سوال سرقه هاتف هو,من الذي سرق الهاتف
14_0290,هو كتابه تفاصيل حال,اكتب الحدث بالتفصيل
14_0291,هو عضو مع السعوديه قصه,هل انت عضو في الفريق السعودي
14_0292,نعم انا مع السعوديه قصه رمايه صم,نعم انا في الفريق السعودي للرمايه للصم
14_0293,غدا شهاده تقديم,ساحضر الشهاده غدا
14_0294,سوال عمر سن,كم عمرك
14_0295,انا تعليم ولد اخر شهاده,انا ادرس وابني لديه شهاده
14_0296,انا رغبه لا ممتاز,لا احتاج شيء
14_0297,هو قلم يوجد,هل لديك قلم
14_0298,هو كتابه تاريخ الان,اكتب تاريخ اليوم
14_0299,انا رغبه بطاقه سياره,اريد الحصول على رخصه قياده
14_0300,استفهام دواء قدره هو,هل تناولت الدواء
14_0301,انا نوم ليل,انام ليلا
14_0302,انا حب لون ابيض كره لون اسود,احب اللون الابيض واكره اللون الاسود
14_0303,انا رغبه شراء سوق لوحه,اريد ان اشتري اغراض منزلي من السوبرماركت
14_0304,انا اسم ا ح م د,اسمي احمد
14_0305,انا عمل ترجمه لغه اشاره,انا اعمل مترجم لغه اشاره
14_0306,انا قراءه كتاب,انا اقرا الكتاب
14_0307,انا مع اسره مع مشاهده كره_قدم مباراه,انا واسرتي ذهبنا لمشاهده مباراه كره قدم
14_0308,انا رغبه ذهاب مستشفى سبب ابن مرض,اريد الذهاب للمستشفى بسبب ابني مريض
14_0309,انا اب بيع تصوير,ابي باع الكاميرا
14_0310,اب انا لون حب لون ازرق ام لون حب سوال وردي,ابي يحب اللون الازرق وامي تحب اللون الوردي
14_0311,انا حب اب,احب ابي
14_0312,انا حب بنت اخ,احب اختي
14_0313,انا حب صلاه,احب صلاه
14_0314,انا حب اكل,احب الطعام
14_0315,انا حب صديق,احب زميلي
14_0316,انا اخ بنت جميل,اختي جميله
14_0317,انا اخ زواج الثلاثاء قادم,اخي سيتزوج يوم الثلاثاء القادم
14_0318,حقيبه_ظهر حقيبه_يد خفيف,الحقيبه خفيفه
14_0319,انا اخ سياره سرعه,اخي يقود السياره بسرعه
14_0320,انا مساعده ام منزل,اساعد امي في المنزل
14_0321,انا مساعده فقير,اساعد الفقراء
14_0322,انا صديق مدرسه مع ثلاث بنت ولد خمس,اصدقائي في المدرسه ثلاث بنات و خمس اولاد
14_0323,انا معرفه لغه اشاره,انا اتعلم لغه الاشاره
14_0324,انا وضوء صلاه,انا اتوضا للصلاه
14_0325,انا حب كره_قدم صيد سمكه,انا احب كره القدم وصيد السمك
14_0326,انا طاعه سوال معلم,انا احترم المعلم
14_0327,انا زياره اقارب مستمر,انا ازور اقاربي دائما
14_0328,انا عمل معلم مدرسه,انا اعمل معلم مدرسه
14_0329,انا نار خلط صباح اكل,انا اجهز الفطور
14_0330,انا حفظ مدرسه قراءه,انا احفظ الدرس
14_0331,انا مدرسه جامعه,انا ادرس في الجامعه
14_0332,انا معرفه قراءه مدرسه,انا اذاكر دروسي
14_0333,انا ذهاب مدرسه,انا اذهب للمدرسه
14_0334,انا مشي منزل,انا اذهب للمنزل
14_0335,انا فوضى ترتيب غرفه نوم,انا ارتب غرفتي
14_0336,انا طاعه معلم بنت,انا استمع للمعلمه
14_0337,انا ذهاب مع اب صلاه الجمعه,انا ذاهب مع والدي الي صلاه الجمعه
14_0338,انا زوج مع كل_يوم مشي,انا وزوجتي نمشي يوميا
14_0339,اب نوم سرير,ابي ينام على السرير
14_0340,الاسبوع_الماضي جد موت رحمه الله,الاسبوع الماضي جدي مات رحمه الله
14_0341,الاسبوع_الماضي صديق جد موت,الاسبوع الماضي صديقي جده مات
14_0342,الجمعه السبت اجازه,الجمعه و السبت عطله
14_0343,شرطه قال ممنوع انتظار,الشرطي قال ممنوع الانتظار
14_0344,صيف نهايه ذهاب برد,الصيف انتهى و جاء الشتاء
14_0345,غني مساعده فقير,الغني يساعد الفقير
14_0346,ولد ذهاب مدرسه ابتسامه,الولد يخرج من المدرسه سعيد
14_0347,ولد دخل مدرسه خوف,الولد يدخل المدرسه خائف
14_0348,هو ابن بنت اول عمر سن سوال اسم سوال,ابنتك الاولى كم عمرها و ما اسمها
14_0349,رقم عمر ابن ولد,كم عمر ابنك
14_0350,اب هو اسم سوال,ابوك ما اسمه
14_0351,ام اب صم,ابي و امي من الصم
14_0352,انا اخ موزه اكل صباح,اخي ياكل الموز صباحا
14_0353,استيقاظ وقت ست صباح,استيقظ الساعه السادسه فجرا
14_0354,اسف فهم كلام لا انا,اسف لا افهم ما تقول
14_0355,انا اسم م ر ا د,اسمي مراد
14_0356,انا تنظيف_اسنان,اغسل اسناني
14_0357,غسل_وجه,اغسل وجهي
14_0358,غسل_يد,اغسل يدي
14_0359,بحر لون ازرق,البحر ازرق
14_0360,عضل رياضه فائده صحه,البروتين مفيد للجسم
14_0361,منزل جدار لون ابيض,الجدار ابيض
14_0362,مدرسه سهل,الدرس سهل
14_0363,مدرسه مشاهده فائده,الدرس مفيد
14_0364,ولد شخص صعود جبل,الرجل يصعد الجبل
14_0365,السبت ماضي انا تعب,السبت الماضي كنت متعب
14_0366,السلام_عليكم,السلام عليكم
14_0367,ولد بناء منزل جميل,الشاب يبني بيت جميل
14_0368,شباب شخص رغبه سباحه,الشاب يحب السباحه
14_0369,صلاه حلو,الصلاه جميله
14_0370,د مساعده انسان,الطبيب يساعد الناس
14_0371,اكل فائده مستشفى,الطعام صحي
14_0372,قلم لون ازرق,القلم ازرق
14_0373,لون قلم انا خاص,القلم هذا لي
14_0374,مدرسه جميل,الكتاب رائع
14_0375,ترجمه سريع ذكي,المترجم سريع وذكي
14_0376,نوم فندق ممتاز سعيد,النوم بالفندق مريح
14_0377,ولد هو كتابه,الولد يكتب الدرس
14_0378,ولد شخص لعب,الولد يلعب
14_0379,مع_السلامه,الى اللقاء
14_0380,ام نداء انا اخ,امي تنادي اخي
14_0381,انا فهم لغه اشاره قليل,انا افهم لغه الاشاره قليلا
14_0382,انا كره طفل بكاء,انا اكره بكاء الطفل
14_0383,انا سعيد سبب مشاهده,انا سعيد برويتك
14_0384,انا عمر اثنان_ثلاثون سن,انا عمري ٣٢ سنه
14_0385,هو حب قهوه كوفي,انت تحب القهوه
14_0386,هو شخص ذكي,انت شخص ذكي
14_0387,هو سوال منزل موقع سوال,ما هو عنوان منزلك
14_0388,انا جد ماضي شراء مزرعه,جدي اشترى مزرعه
14_0389,جد ماضي حب شاي اب انا حب قهوه,جدي يحب الشاي و ابي يحب القهوه
14_0390,مدرسه قصه يوجد طاوله هو,كتاب القصه على الطاوله
14_0391,استفهام سوال ابن جيد,كيف حال ابنك
14_0392,استفهام سوال شخص هو اسره جيد,كيف حال اسرتك
14_0393,انا زوج لا_يوجد,انا لست متزوج
14_0394,مع ذهاب,نذهب معا
14_0395,استفهام هو اسم سوال,ما هو اسمك
14_0396,هو عمل سوال,ماذا تعمل
14_0397,انا صم,انا اصم
14_0398,استفهام هو صم,هل انت اصم
14_0399,استفهام هو زوج,هل انت متزوج
14_0400,كل_يوم صباح مشي وقت اثنان,يوميا في الصباح امشي لمده ساعتين
14_0401,انا رغبه اكل مكرونه,اريد ان اكل المكرونه
14_0402,انا رغبه شراء بيض رز,اريد شراء البيض و الرز
14_0403,انا رغبه ذهاب بحر,اريد ان اذهب الى البحر
14_0404,هو بنت شخص حذاء اسود فستان لون وردي,البنت ترتدي حذاء اسود و فستان وردي
14_0405,صيف ذهاب صيد سمكه,في الصيف اذهب لصيد السمك
14_0406,انا اخ حب لون احمر,اخي يحب اللون الاحمر
14_0407,سرير خفيف سعيد,السرير مريح
14_0408,كلب خلف منزل,الكلب خلف الحائط
14_0409,انا سن الم سن,عندي الم في اسناني
14_0410,انا حفيد مع ذهاب قهوه كوفي,انا و احفادي ذهبنا الى المقهى
14_0411,انا اسف,انا اسف
14_0412,فندق داخل برد,الفندق بارد
14_0413,انا ابن ت س م م بطن,ابني يعاني من تسمم غذائي
14_0414,انا حب لا ال ب ق و ل ي ا ت,لا احب البقوليات
14_0415,انا معرفه سبب اختبار,انا اذاكر للاختبار
14_0416,انا وضوء قبل نوم,انا اتوضا قبل النوم
14_0417,ام نار خلط غرفه خلط,امي تطبخ الفطور في المطبخ
14_0418,طفل لعب بحر قريب,الطفل يلعب على الشاطى
14_0419,انا حب برد,احب البرد
14_0420,انا حب تفاحه موزه انواع صيف,احب اكل الفاكهه في الصيف
14_0421,انا لقاء اقارب مباراه,التقي باقاربي في المباراه
14_0422,سوال موقع بيع,اين المتجر
14_0423,انا ابن بنت بطن,ابنتي تعاني من الم في المعده
14_0424,انا اخ رغبه لا ال خ س,اختي لا تحب الخس
14_0425,دجاج طير في ب ر و ت ي ن,الدجاج فيه بروتين
14_0426,انا اخ مع ارنب قصه رمايه,اخي في فريق الرمايه
14_0427,انتظار اخ بنت جامعه,انتظر اختي في الجامعه
14_0428,شخص خدمه نحيف ركض سرعه,النادل نحيل وسريع
14_0429,طفل بكاء صراخ ازعاج,بكاء الطفل مزعج
14_0430,اخ بنت جديله لون اصفر,شعر اختي طويل ولونه اشقر
14_0431,ذاكره نسيان تذكره طياره,لقد نسيت تذكره الطياره
14_0432,لا طاوله كرسي لا,لا تجلس على الطاوله
14_0433,رغبه وقت اتقان د هضمي,اريد موعد مع طبيب الجهاز الهضمي
14_0434,ولد هو اختفاء شرطه,هرب الرجل من الشرطه
14_0435,انا غسل_وجه صباح,اغسل وجهي في الصباح
14_0436,انا شراء انا اخ شراء دراجه_ناريه,اشترى اخي دراجه ناريه
14_0437,انا منزل مدرسه اخر نهايه,انتهيت من واجباتي المدرسيه
14_0438,حقيبه_يد حقيبه_ظهر حقيبه_يد خفيف لا,الحقيبه ليست خفيفه
14_0439,كلب جبل صعود,الكلب يصعد الجبل
14_0440,ولد كتابه جدار كتابه,الولد يكتب على الجدار
14_0441,انا الثلاثاء شراء تصوير,ساشتري كاميرا يوم الثلاثاء
14_0442,ممنوع كرسي لا_2,ممنوع الجلوس
14_0443,سوال مال سوال صوره اسود بطن,كم سعر تصوير الموجات فوق الصوتيه للبطن
14_0444,استفهام لوحه الثلاثاء مفتوح هو,هل المحل مفتوح يوم الثلاثاء
14_0445,هو ثلج قليل هنا,الثلج نادر هنا
14_0446,هو تاريخ وقت ولاده,متى موعد الولاده
14_0447,انا حضور تاريخ وقت محدد تاخير,حضرت للموعد متاخر
14_0448,انا رغبه شكوى سبب ازعاج,اريد تقديم شكوى بسبب الازعاج
14_0449,انا اخ رغبه طياره تخفيض,ابي يريد بدل اعاقه
14_0450,انا رغبه كلمه منزل نقل,اريد نقل ملكيه المنزل
14_0451,هو ملكيه منزل خوف انا,هو مالك المنزل الجديد
14_0452,انا جد رغبه حب سوال اخبار تلفاز,جدي يحب مشاهده الاخبار التلفزيونيه
14_0453,انا اخ بناء سوال جبل,اخي يبني بيت فوق الجبل
14_0454,رياضه فائده صحه,الرياضه مفيده للصحه
14_0455,انا مشاهده هويه نظر سوال الاربعاء,لقد وجدت هويتي يوم الاربعاء
14_0456,استفهام بطاقه يوجد,هل لديك رخصه
14_0457,ممنوع اكل بقره جبن انواع,ممنوع ان اكل منتجات الالبان
14_0458,انا جد جيد غني,جدي جيد وغني
14_0459,تقديم فقير اكل,اعطي الفقير اكل
14_0460,استفهام حب بقره او عصير,هل تحب الحليب ام العصير
14_0461,انا غرفه لون وردي,غرفتي لونها وردي
14_0462,موقع منزل سوال,ما هو عنوانك
14_0463,انا ضياع كتاب قصه,فقدت كتاب القصه
14_0464,اتصال زوج,اتصلت بزوجي
14_0465,هو طير دخل سرير تحت,الطائر تحت السرير
14_0466,انا طاعه جد,انا احترم جدي
14_0467,الان تاريخ اثنان عشر,اليوم هو الثاني من اكتوبر
14_0468,انا غدا منزل ترتيب تنظيف,انا ارتب المنزل يوميا
14_0469,استئذان غدا عوده,من قضلك تعال غدا
14_0470,انا رغبه دوره_مياه,اريد ان اذهب الى الحمام
14_0471,زوج هو شراء كل_يوم الجمعه منزل اعطاء,زوجي يشتري اغراض المنزل يوم الجمعه
14_0472,رغبه لا انتظار,اكره الانتظار
14_0473,مال دفع بطاقه سياره مال رخيص,رسوم رخصه القياده رخيصه
14_0474,انا رغبه صوره_شخصيه اربع,انا اريد اربع صور ضوئيه
14_0475,انا اخ عمل بدون,اخي عاطل عن العمل
14_0476,عمر ام انا اثنان_ثلاثون سن,عمر امي اثنان و ثلاثون سنه
14_0477,هو استفهام هو ولد شخص صفه سرقه سوال,صف الرجل الذي سرق
14_0478,هو ولد ولاده اتقان صباح,ولد الطفل سليم في الصباح
14_0479,مشاهده صعب تقلب سبب ازعاج صراخ,اجد صعوبه في النوم بسبب الازعاج
14_0480,انا اخ بنت زواج تاريخ السبت قادم,اختي ستتزوج يوم السبت القادم
14_0481,انا مشاهده معرفه مدرسه,انا استمع للدرس
14_0482,انا حفظ مدرسه داخل مدرسه,انا احفظ الدرس في المدرسه
14_0483,انا ام عمل داخل منزل داخل,امي تعمل في البيت
14_0484,انا رغبه تحويل د بطن,اريد تحويل من طبيب الجهاز الهضمي
14_0485,تاريخ سوال د عوده تاريخ سوال,متى سيعود الطبيب الى المستشفى
14_0486,انا ابن بنت عمر اربع_سنوات,ابنتي عمرها اربع سنوات
14_0487,انا سياره حافله,انا اقود الحافله
14_0488,انا زياره هو جد اسبوع مستمر,ازور جدي كل اسبوع
14_0489,انا سعيد سبب صيف اغلاق,انا سعيد بعطله الصيف
14_0490,انا لبس بنطال لون ازرق,انا البس بنطلون جينز ازرق
14_0491,انا استفراغ دوخه حمى الان,انا اتقيا واعاني من دوخه وحمى الان
14_0492,انا ذهاب فيلم سينما وقت اثنان ليل,انا اذهب الى السينما الساعه الثانيه مساء
14_0493,انا اخ عضو مع السعوديه قصه كره_قدم,اخي عضو في الفريق السعودي لكره القدم
14_0494,بيع جد بيع مزرعه,باع جدي المزرعه
14_0495,معلم بنت نداء اخ بنت,المعلمه تنادي اختي
14_0496,دراجه_ناريه هو خطر,الدراجه الناريه خطيره
14_0497,سوال اخر شهاده سوال,ما هي نتائج الاختبار
14_0498,انا غسل_يد قبل اكل,اغسل يدي قبل الاكل
14_0499,بنت هو لبس لون ابيض,المراه ترتدي لبس ابيض
14_0500,استفهام نسخ بطاقه هو,هل لديك نسخه من التصريح